scenario_order,scenario_id,cell_id,base_observation_id,synthetic_observation_id,lineage_edge_id,impact_basis
1,sweep_001,f655daf9c7189ef53b78,ebe9841b7e2d93e8d436,c95ea99f6abb7571ef65,edge:24b78fb118c51feea3df,inherited H6C observation_materializes_cell edge of the base observation
2,sweep_002,f655daf9c7189ef53b78,ebe9841b7e2d93e8d436,8870a20c5aa904359e05,edge:fbd72b5d47245f1678a6,inherited H6C observation_materializes_cell edge of the base observation
2,sweep_002,518cb2dbc96b03a7ef6c,c84eb36c9410ef9a92d8,3fc4d43e701f84026378,edge:b18f34b1bb6ea8a7c513,inherited H6C observation_materializes_cell edge of the base observation
3,sweep_004,f655daf9c7189ef53b78,ebe9841b7e2d93e8d436,758d23e4b17727f68b5c,edge:c169b82fa60c342db0d2,inherited H6C observation_materializes_cell edge of the base observation
3,sweep_004,518cb2dbc96b03a7ef6c,c84eb36c9410ef9a92d8,c0976584be4cf9fb2514,edge:55c7083f11f6e2462237,inherited H6C observation_materializes_cell edge of the base observation
3,sweep_004,f7ecb1883aa83de08505,5449a9c6fd5ea1b62080,69bf660089da0359e089,edge:a4e74cff4b1a80f792dd,inherited H6C observation_materializes_cell edge of the base observation
3,sweep_004,fdaaa3c1bdc22fbe7d62,b96f86aa079b1a21dcea,79542e232f8d14fb6aa0,edge:c9cb7af8bd4858b30028,inherited H6C observation_materializes_cell edge of the base observation
4,sweep_008,f655daf9c7189ef53b78,ebe9841b7e2d93e8d436,7d1782accb4f88b7bebd,edge:9f1573950a836bfe9043,inherited H6C observation_materializes_cell edge of the base observation
4,sweep_008,518cb2dbc96b03a7ef6c,c84eb36c9410ef9a92d8,0e4397254c83bef18401,edge:39e5fadebdab5d1ab286,inherited H6C observation_materializes_cell edge of the base observation
4,sweep_008,f7ecb1883aa83de08505,5449a9c6fd5ea1b62080,cef2282a905b751200fc,edge:02e7bc2baf5688694da3,inherited H6C observation_materializes_cell edge of the base observation
4,sweep_008,fdaaa3c1bdc22fbe7d62,b96f86aa079b1a21dcea,d11f4ae8df232a45ffa1,edge:38d1148de34b96bed067,inherited H6C observation_materializes_cell edge of the base observation
4,sweep_008,84b30c24eace1e1a6dc5,bb7925411be9b6b512f6,01afe0511ad62aebccce,edge:8b71a0f5bc583f9d5b87,inherited H6C observation_materializes_cell edge of the base observation
4,sweep_008,c1b8bcff725f214a9466,679a82a2470a0c2a1053,14784d4d2763da2d7340,edge:6bcbc01f22f84cb13d2a,inherited H6C observation_materializes_cell edge of the base observation
4,sweep_008,cbe519449e41300a4184,227e7369ae7155fb09dc,da8c9d76e3560d15b435,edge:c93a34195149e1983fb2,inherited H6C observation_materializes_cell edge of the base observation
4,sweep_008,042fd0148d20a8caa19a,4d54c6c01db8357192fe,414f59cccfc8a5ad9b10,edge:3457ea3316569cc46d8a,inherited H6C observation_materializes_cell edge of the base observation
5,sweep_016,f655daf9c7189ef53b78,ebe9841b7e2d93e8d436,ce7a4d97c550ca560486,edge:ed98dfd4d005aeeccf58,inherited H6C observation_materializes_cell edge of the base observation
5,sweep_016,518cb2dbc96b03a7ef6c,c84eb36c9410ef9a92d8,89241e3d555357de0dfb,edge:24d916b9ace6544f5db9,inherited H6C observation_materializes_cell edge of the base observation
5,sweep_016,f7ecb1883aa83de08505,5449a9c6fd5ea1b62080,ecdb29655d00aa8311e2,edge:f43c8efdee665fb60110,inherited H6C observation_materializes_cell edge of the base observation
5,sweep_016,fdaaa3c1bdc22fbe7d62,b96f86aa079b1a21dcea,79823c15e36f697c1039,edge:9d383b7bf5dc81369d82,inherited H6C observation_materializes_cell edge of the base observation
5,sweep_016,84b30c24eace1e1a6dc5,bb7925411be9b6b512f6,0d211b86559043fa8759,edge:7353696e5c0004f722b1,inherited H6C observation_materializes_cell edge of the base observation
5,sweep_016,c1b8bcff725f214a9466,679a82a2470a0c2a1053,36dfafeca0b538f44e49,edge:51989f36c20716f7ccb6,inherited H6C observation_materializes_cell edge of the base observation
5,sweep_016,cbe519449e41300a4184,227e7369ae7155fb09dc,29fc433debf27c5adec4,edge:810d72b1c8289fd51a5c,inherited H6C observation_materializes_cell edge of the base observation
5,sweep_016,042fd0148d20a8caa19a,4d54c6c01db8357192fe,ec4d676e63360438f2f7,edge:4b0d76a96e0729df2efe,inherited H6C observation_materializes_cell edge of the base observation
5,sweep_016,3444568b44a846c2053e,d38f9bbb236120b60a72,bf3907a5b158f6f980f3,edge:4f0709f75ac6a668a9e7,inherited H6C observation_materializes_cell edge of the base observation
5,sweep_016,15b32a8759c7403b435e,52b22c87aff9ef7d958c,fb785dd42b073f4f59bf,edge:909bd0ddf4917503b37e,inherited H6C observation_materializes_cell edge of the base observation
5,sweep_016,d9e326095a3f240bfa4b,4461c9a1e5e6a70a5cff,c7f34a6e353d09d39527,edge:fe586fed0d952533cb39,inherited H6C observation_materializes_cell edge of the base observation
5,sweep_016,775bc5ede0b28b080f98,05f3727342b59f1b42eb,e625011efbdfefbd2d3d,edge:d0a7c23d2e82e2b95a3b,inherited H6C observation_materializes_cell edge of the base observation
5,sweep_016,90a3159b8a7b4bd4e061,d1a6fadcc2334ed715c8,94047d870647dcda4717,edge:95f815018092c6187c2b,inherited H6C observation_materializes_cell edge of the base observation
5,sweep_016,91d71a779a47db1c23e2,b58eecf10a2637f656cb,48491e78fc5d44153c3e,edge:c31eb640a1d2de69e553,inherited H6C observation_materializes_cell edge of the base observation
5,sweep_016,8788e4198f43d007511b,83d9ca7ff36b5a4bfefa,c2a659c36694696695c6,edge:e9b9a56e34e83d95de07,inherited H6C observation_materializes_cell edge of the base observation
5,sweep_016,3b659c42075a31bc828b,22299df8290faa2309ce,8d74c657bc0de5152721,edge:9cc8f3da60ae6506d620,inherited H6C observation_materializes_cell edge of the base observation
6,sweep_038,f655daf9c7189ef53b78,ebe9841b7e2d93e8d436,a61d974ce4efa20f3c48,edge:5c0b9996b57923692e47,inherited H6C observation_materializes_cell edge of the base observation
6,sweep_038,518cb2dbc96b03a7ef6c,c84eb36c9410ef9a92d8,2b0c3895c2ff4c296d46,edge:ff616da6e417f2d5c55c,inherited H6C observation_materializes_cell edge of the base observation
6,sweep_038,f7ecb1883aa83de08505,5449a9c6fd5ea1b62080,28ffe06784cf381bf5d5,edge:1a8da121ecd702f0560d,inherited H6C observation_materializes_cell edge of the base observation
6,sweep_038,fdaaa3c1bdc22fbe7d62,b96f86aa079b1a21dcea,4653c7ea1c2f1fb5b1bf,edge:8391b81ece3256fc4f7f,inherited H6C observation_materializes_cell edge of the base observation
6,sweep_038,84b30c24eace1e1a6dc5,bb7925411be9b6b512f6,3b928c48e2f5191636c0,edge:5dfa92d512e63974551d,inherited H6C observation_materializes_cell edge of the base observation
6,sweep_038,c1b8bcff725f214a9466,679a82a2470a0c2a1053,431534cf38e49fcf86e5,edge:75850f380c28befb147d,inherited H6C observation_materializes_cell edge of the base observation
6,sweep_038,cbe519449e41300a4184,227e7369ae7155fb09dc,077f8b8a97193f0c41e2,edge:50a67cbe56a7c3b0cd86,inherited H6C observation_materializes_cell edge of the base observation
6,sweep_038,042fd0148d20a8caa19a,4d54c6c01db8357192fe,759afe4fe5d653a064d2,edge:e44f2a61fe0f94e7beaa,inherited H6C observation_materializes_cell edge of the base observation
6,sweep_038,3444568b44a846c2053e,d38f9bbb236120b60a72,d95442f03223681958cd,edge:5f79bf5f3b8c593c80f4,inherited H6C observation_materializes_cell edge of the base observation
6,sweep_038,15b32a8759c7403b435e,52b22c87aff9ef7d958c,e783e7ed66634a52df4f,edge:6216b880a14733eb7f83,inherited H6C observation_materializes_cell edge of the base observation
6,sweep_038,d9e326095a3f240bfa4b,4461c9a1e5e6a70a5cff,9aeba50d975ac23128ed,edge:8d3d9f85cea24669f970,inherited H6C observation_materializes_cell edge of the base observation
6,sweep_038,775bc5ede0b28b080f98,05f3727342b59f1b42eb,3767190b7182a0ffab7b,edge:6db613f36dfbea0d1c74,inherited H6C observation_materializes_cell edge of the base observation
6,sweep_038,90a3159b8a7b4bd4e061,d1a6fadcc2334ed715c8,41accf3510c00216163d,edge:f55066478fa0e1fbfbc3,inherited H6C observation_materializes_cell edge of the base observation
6,sweep_038,91d71a779a47db1c23e2,b58eecf10a2637f656cb,a74758ef820edf9963a4,edge:c4b6eee1e2c621c84504,inherited H6C observation_materializes_cell edge of the base observation
6,sweep_038,8788e4198f43d007511b,83d9ca7ff36b5a4bfefa,f6807285e972989d675f,edge:6259bcd5033838e21f0c,inherited H6C observation_materializes_cell edge of the base observation
6,sweep_038,3b659c42075a31bc828b,22299df8290faa2309ce,c79ba1c7ada1332ed0e8,edge:fff4b35ea88c21ee8dd3,inherited H6C observation_materializes_cell edge of the base observation
6,sweep_038,29c43c170df0383b5802,7c7fed1784d6c7fb7a3f,c6418657b12b0a320317,edge:526872354bcbaf3d32aa,inherited H6C observation_materializes_cell edge of the base observation
6,sweep_038,55e90861aacfe1af1cf9,a16d799af70cf9f4f914,6d32428ded5848a3f82e,edge:337081993efd72ee7732,inherited H6C observation_materializes_cell edge of the base observation
6,sweep_038,b6c8750e3fcf63d75190,9d933c13fbf05d198f3e,f35e380119cd5101d50e,edge:a979dfc6f98c4decf8c5,inherited H6C observation_materializes_cell edge of the base observation
6,sweep_038,473d3f8b67ccd5db5a86,678b6e60432483806f4d,1cfa8c9be971ac1313ca,edge:5d6ef6f42ff347790392,inherited H6C observation_materializes_cell edge of the base observation
6,sweep_038,0f162523fe74d1b2090c,3157d6bb229564f85532,361105480f2be3272cf9,edge:0bfedd9f5d2381d6ae19,inherited H6C observation_materializes_cell edge of the base observation
6,sweep_038,4492f58c2bbce2a2d5f9,2b958b3ccda58faa9a20,20fbf5b8fdab869dae16,edge:4ae54fa652231abecd1b,inherited H6C observation_materializes_cell edge of the base observation
6,sweep_038,ebe21ab8cd07f32503b4,8400953b008a897a64e9,d7a43241d6034a41b011,edge:dafbde29bbcbb46927ff,inherited H6C observation_materializes_cell edge of the base observation
6,sweep_038,de51e35566585c57d7af,c1d4a95ae0f7c3d6b507,f5f23a56cb7eb54ecbd4,edge:72b4f65fdf5b4c0c5d13,inherited H6C observation_materializes_cell edge of the base observation
6,sweep_038,edc6a80da9b6ea8f7c1c,b2718fa56ce5ecf468b8,91b4961853dd870137f3,edge:53baa83a263712946fe5,inherited H6C observation_materializes_cell edge of the base observation
6,sweep_038,ac26da15f37e794a1959,ce58faa1e8266f5cc95e,cf3ae31ddd253b9946bf,edge:c3d7297bae7c576aa9fa,inherited H6C observation_materializes_cell edge of the base observation
6,sweep_038,49d6563bb2811eb71d8e,ee17f2d42d2748ad067e,24b1dfd8d79fffb4d922,edge:51fa6f5fb4b8d3339364,inherited H6C observation_materializes_cell edge of the base observation
6,sweep_038,9eb560de8e683bc912e4,3d8b4c077641c33cf901,ed7715a697f1b4b9d604,edge:06f7ef7023c744b6cf7e,inherited H6C observation_materializes_cell edge of the base observation
6,sweep_038,7d042823ae6be8d4a8c3,08572be316c541663287,60585c71ce90307a7117,edge:dedf213e00a9264c87a2,inherited H6C observation_materializes_cell edge of the base observation
6,sweep_038,e4e0a2467bb328d2ae47,c2a55284c36a79c9c01e,a9ac1a664ffa180e2cf7,edge:67b08d4bd5d584859368,inherited H6C observation_materializes_cell edge of the base observation
6,sweep_038,bc73b93a22e680ac17ab,b02ceeddf4fdc5acb409,5a96a6c281d16668cd44,edge:c6a37dd483fe850c45f3,inherited H6C observation_materializes_cell edge of the base observation
6,sweep_038,c2a1a9ac151304cd246a,e6b6a9dc57a851384723,4cd519cac051e8aa8ebd,edge:10a18ea26e60b4ec3419,inherited H6C observation_materializes_cell edge of the base observation
6,sweep_038,036d1c973ea85251e9a6,44caac8190fa51d16d46,0013b6b1be7306892cdf,edge:697a1e259ac2bb571564,inherited H6C observation_materializes_cell edge of the base observation
6,sweep_038,88766631e03a967c1ead,a3a7ae9d64018648f42c,e50a5bd5bf19ef5aa77b,edge:5d1a34882cf38a964057,inherited H6C observation_materializes_cell edge of the base observation
6,sweep_038,4166b79514eeade8b707,522acdd413220b7e131c,95f2aa83bc7503f04770,edge:a1e061f1ee01638f6b38,inherited H6C observation_materializes_cell edge of the base observation
6,sweep_038,cb3058c1431b9559a7b8,032275d811ff9eb70389,8c622bf24201a1fa249f,edge:5b0c0600fe10e062cb79,inherited H6C observation_materializes_cell edge of the base observation
6,sweep_038,1edba888e2c21aa52529,38aa12db8a1254c82ab4,b23a1e138419afe7f70f,edge:58299fa6f725e48bad53,inherited H6C observation_materializes_cell edge of the base observation
6,sweep_038,3c4b1f42bcb9b851d450,e70c0918e6521f6ff767,966893cf044b9f355b0b,edge:e6b881fee20e9b4a71ff,inherited H6C observation_materializes_cell edge of the base observation
