repetition,treatment_id,arrival_order,statement_index,statement_label,phase,seconds
1,B0,0,0,staging_views,harness,9.956
1,B0,1,1,merge_arrival,write,7.653
1,B0,1,2,expire_snapshots,maintenance,5.951
1,B0,1,3,verify_state,verification,2.814
1,B0,2,1,merge_arrival,write,3.929
1,B0,2,2,expire_snapshots,maintenance,20.532
1,B0,2,3,verify_state,verification,1.255
1,B0,3,1,merge_arrival,write,3.806
1,B0,3,2,expire_snapshots,maintenance,8.12
1,B0,3,3,verify_state,verification,1.229
1,B0,4,1,merge_arrival,write,3.209
1,B0,4,2,expire_snapshots,maintenance,7.368
1,B0,4,3,verify_state,verification,1.067
1,B1,0,0,staging_views,harness,9.932
1,B1,1,1,insert_overwrite_all_states,write,8.267
1,B1,1,2,verify_state,verification,3.96
1,B1,2,1,insert_overwrite_all_states,write,2.281
1,B1,2,2,verify_state,verification,1.778
1,B1,3,1,insert_overwrite_all_states,write,2.222
1,B1,3,2,verify_state,verification,1.228
1,B1,4,1,insert_overwrite_all_states,write,2.348
1,B1,4,2,verify_state,verification,1.353
1,B2,0,0,staging_views,harness,9.494
1,B2,1,1,narrow_candidates,harness,0.409
1,B2,1,2,insert_overwrite_selection,write,8.047
1,B2,1,3,expire_snapshots,maintenance,7.07
1,B2,1,4,verify_state,verification,3.135
1,B2,2,1,narrow_candidates,harness,0.145
1,B2,2,2,insert_overwrite_selection,write,2.448
1,B2,2,3,expire_snapshots,maintenance,10.501
1,B2,2,4,verify_state,verification,1.172
1,B2,3,1,narrow_candidates,harness,0.16
1,B2,3,2,insert_overwrite_selection,write,1.961
1,B2,3,3,expire_snapshots,maintenance,9.224
1,B2,3,4,verify_state,verification,1.068
1,B2,4,1,narrow_candidates,harness,0.122
1,B2,4,2,insert_overwrite_selection,write,1.641
1,B2,4,3,expire_snapshots,maintenance,8.099
1,B2,4,4,verify_state,verification,1.08
1,B3,0,0,staging_views,harness,9.965
1,B3,1,1,insert_store_rows,write,6.428
1,B3,1,2,merge_serving_dirty_cells,write,8.533
1,B3,1,3,expire_snapshots_store,maintenance,4.987
1,B3,1,4,expire_snapshots_serving,maintenance,3.4
1,B3,1,5,verify_store,verification,1.825
1,B3,1,6,verify_serving,verification,1.259
1,B3,2,1,insert_store_rows,write,1.228
1,B3,2,2,merge_serving_dirty_cells,write,4.696
1,B3,2,3,expire_snapshots_store,maintenance,9.116
1,B3,2,4,expire_snapshots_serving,maintenance,7.566
1,B3,2,5,verify_store,verification,1.237
1,B3,2,6,verify_serving,verification,0.892
1,B3,3,1,insert_store_rows,write,0.847
1,B3,3,2,merge_serving_dirty_cells,write,4.357
1,B3,3,3,expire_snapshots_store,maintenance,7.585
1,B3,3,4,expire_snapshots_serving,maintenance,6.701
1,B3,3,5,verify_store,verification,1.339
1,B3,3,6,verify_serving,verification,0.841
1,B3,4,1,insert_store_rows,write,0.879
1,B3,4,2,merge_serving_dirty_cells,write,4.91
1,B3,4,3,expire_snapshots_store,maintenance,7.098
1,B3,4,4,expire_snapshots_serving,maintenance,6.449
1,B3,4,5,verify_store,verification,1.392
1,B3,4,6,verify_serving,verification,0.855
2,B0,0,0,staging_views,harness,9.849
2,B0,1,1,merge_arrival,write,8.222
2,B0,1,2,expire_snapshots,maintenance,6.627
2,B0,1,3,verify_state,verification,2.888
2,B0,2,1,merge_arrival,write,3.995
2,B0,2,2,expire_snapshots,maintenance,10.585
2,B0,2,3,verify_state,verification,1.273
2,B0,3,1,merge_arrival,write,3.064
2,B0,3,2,expire_snapshots,maintenance,7.84
2,B0,3,3,verify_state,verification,1.228
2,B0,4,1,merge_arrival,write,2.685
2,B0,4,2,expire_snapshots,maintenance,7.23
2,B0,4,3,verify_state,verification,1.193
2,B1,0,0,staging_views,harness,9.808
2,B1,1,1,insert_overwrite_all_states,write,8.057
2,B1,1,2,verify_state,verification,3.526
2,B1,2,1,insert_overwrite_all_states,write,2.315
2,B1,2,2,verify_state,verification,1.577
2,B1,3,1,insert_overwrite_all_states,write,1.863
2,B1,3,2,verify_state,verification,1.357
2,B1,4,1,insert_overwrite_all_states,write,2.269
2,B1,4,2,verify_state,verification,1.295
2,B2,0,0,staging_views,harness,9.822
2,B2,1,1,narrow_candidates,harness,0.291
2,B2,1,2,insert_overwrite_selection,write,8.797
2,B2,1,3,expire_snapshots,maintenance,6.26
2,B2,1,4,verify_state,verification,2.527
2,B2,2,1,narrow_candidates,harness,0.245
2,B2,2,2,insert_overwrite_selection,write,2.064
2,B2,2,3,expire_snapshots,maintenance,10.037
2,B2,2,4,verify_state,verification,1.318
2,B2,3,1,narrow_candidates,harness,0.134
2,B2,3,2,insert_overwrite_selection,write,2.062
2,B2,3,3,expire_snapshots,maintenance,7.616
2,B2,3,4,verify_state,verification,1.027
2,B2,4,1,narrow_candidates,harness,0.085
2,B2,4,2,insert_overwrite_selection,write,1.945
2,B2,4,3,expire_snapshots,maintenance,6.946
2,B2,4,4,verify_state,verification,1.035
2,B3,0,0,staging_views,harness,9.552
2,B3,1,1,insert_store_rows,write,5.742
2,B3,1,2,merge_serving_dirty_cells,write,8.901
2,B3,1,3,expire_snapshots_store,maintenance,5.913
2,B3,1,4,expire_snapshots_serving,maintenance,3.898
2,B3,1,5,verify_store,verification,1.754
2,B3,1,6,verify_serving,verification,1.252
2,B3,2,1,insert_store_rows,write,1.519
2,B3,2,2,merge_serving_dirty_cells,write,5.066
2,B3,2,3,expire_snapshots_store,maintenance,9.862
2,B3,2,4,expire_snapshots_serving,maintenance,7.85
2,B3,2,5,verify_store,verification,1.257
2,B3,2,6,verify_serving,verification,1.213
2,B3,3,1,insert_store_rows,write,0.84
2,B3,3,2,merge_serving_dirty_cells,write,4.673
2,B3,3,3,expire_snapshots_store,maintenance,8.058
2,B3,3,4,expire_snapshots_serving,maintenance,7.206
2,B3,3,5,verify_store,verification,1.28
2,B3,3,6,verify_serving,verification,0.951
2,B3,4,1,insert_store_rows,write,0.879
2,B3,4,2,merge_serving_dirty_cells,write,4.982
2,B3,4,3,expire_snapshots_store,maintenance,7.146
2,B3,4,4,expire_snapshots_serving,maintenance,6.563
2,B3,4,5,verify_store,verification,1.207
2,B3,4,6,verify_serving,verification,0.812
3,B0,0,0,staging_views,harness,9.622
3,B0,1,1,merge_arrival,write,8.021
3,B0,1,2,expire_snapshots,maintenance,7.866
3,B0,1,3,verify_state,verification,3.164
3,B0,2,1,merge_arrival,write,3.895
3,B0,2,2,expire_snapshots,maintenance,10.937
3,B0,2,3,verify_state,verification,1.495
3,B0,3,1,merge_arrival,write,3.497
3,B0,3,2,expire_snapshots,maintenance,8.635
3,B0,3,3,verify_state,verification,1.318
3,B0,4,1,merge_arrival,write,3.197
3,B0,4,2,expire_snapshots,maintenance,7.534
3,B0,4,3,verify_state,verification,1.1
3,B1,0,0,staging_views,harness,10.444
3,B1,1,1,insert_overwrite_all_states,write,8.288
3,B1,1,2,verify_state,verification,3.524
3,B1,2,1,insert_overwrite_all_states,write,2.651
3,B1,2,2,verify_state,verification,1.621
3,B1,3,1,insert_overwrite_all_states,write,2.199
3,B1,3,2,verify_state,verification,1.343
3,B1,4,1,insert_overwrite_all_states,write,2.035
3,B1,4,2,verify_state,verification,1.42
3,B2,0,0,staging_views,harness,10.338
3,B2,1,1,narrow_candidates,harness,0.31
3,B2,1,2,insert_overwrite_selection,write,17.465
3,B2,1,3,expire_snapshots,maintenance,6.615
3,B2,1,4,verify_state,verification,2.723
3,B2,2,1,narrow_candidates,harness,0.224
3,B2,2,2,insert_overwrite_selection,write,1.997
3,B2,2,3,expire_snapshots,maintenance,11.527
3,B2,2,4,verify_state,verification,1.282
3,B2,3,1,narrow_candidates,harness,0.139
3,B2,3,2,insert_overwrite_selection,write,2.401
3,B2,3,3,expire_snapshots,maintenance,7.85
3,B2,3,4,verify_state,verification,1.082
3,B2,4,1,narrow_candidates,harness,0.08
3,B2,4,2,insert_overwrite_selection,write,1.83
3,B2,4,3,expire_snapshots,maintenance,7.541
3,B2,4,4,verify_state,verification,1.079
3,B3,0,0,staging_views,harness,10.229
3,B3,1,1,insert_store_rows,write,6.189
3,B3,1,2,merge_serving_dirty_cells,write,8.958
3,B3,1,3,expire_snapshots_store,maintenance,5.866
3,B3,1,4,expire_snapshots_serving,maintenance,3.544
3,B3,1,5,verify_store,verification,1.916
3,B3,1,6,verify_serving,verification,1.225
3,B3,2,1,insert_store_rows,write,1.395
3,B3,2,2,merge_serving_dirty_cells,write,5.072
3,B3,2,3,expire_snapshots_store,maintenance,10.395
3,B3,2,4,expire_snapshots_serving,maintenance,8.399
3,B3,2,5,verify_store,verification,1.521
3,B3,2,6,verify_serving,verification,1.015
3,B3,3,1,insert_store_rows,write,1.026
3,B3,3,2,merge_serving_dirty_cells,write,4.801
3,B3,3,3,expire_snapshots_store,maintenance,7.817
3,B3,3,4,expire_snapshots_serving,maintenance,6.964
3,B3,3,5,verify_store,verification,1.509
3,B3,3,6,verify_serving,verification,0.701
3,B3,4,1,insert_store_rows,write,1.023
3,B3,4,2,merge_serving_dirty_cells,write,5.118
3,B3,4,3,expire_snapshots_store,maintenance,7.542
3,B3,4,4,expire_snapshots_serving,maintenance,6.617
3,B3,4,5,verify_store,verification,1.559
3,B3,4,6,verify_serving,verification,0.714
