edge_id,from_node_id,to_node_id,relationship,observation_id,cell_id,evidence_basis
edge:02c6a301b3e089359a08,source_artifact:5b60d57510ca563f2783,source_record:07204f7959a158920906,artifact_contains_record,05a8528c88245297d4ba,5b5eeef107bb6f124496,artifact checksum plus exact source locator and H6 cell coordinates
edge:046efc2b287c96f07b43,source_artifact:5b60d57510ca563f2783,source_record:7e35d4e934c4fa296c7d,artifact_contains_record,6ad6dfc4b05d0f292d1f,425bfdd5ca02ab3e3cc1,artifact checksum plus exact source locator and H6 cell coordinates
edge:0d3e2e52a129b644b0fb,source_artifact:5b60d57510ca563f2783,source_record:4ed2457911a60c3d488b,artifact_contains_record,211b04665de26cd11d77,53b2a1ef09a68d6c5173,artifact checksum plus exact source locator and H6 cell coordinates
edge:1e806315fcb3d6bafcf5,source_artifact:a3b2d14f73a6944e5daa,source_record:621b059bcf550a1ead3a,artifact_contains_record,09bd4158de9b28a03d83,1c03a76cb6a98f53235d,artifact checksum plus exact source locator and H6 cell coordinates
edge:20a9e1c05d0f7cbd42c7,source_artifact:5b60d57510ca563f2783,source_record:26de36e57a1c215a6f55,artifact_contains_record,a16c09b869c2ad72a4ea,4aab4307f4906503d2a4,artifact checksum plus exact source locator and H6 cell coordinates
edge:2238d4e633bfbda8cec4,source_artifact:3c803d0b82626170d679,source_record:609ed81aeb94651f9f28,artifact_contains_record,bc696217068415ca73e2,4aab4307f4906503d2a4,artifact checksum plus exact source locator and H6 cell coordinates
edge:2c97295b78bc4b54f4f4,source_artifact:5b60d57510ca563f2783,source_record:271cc1d0fc53de1a353a,artifact_contains_record,9fe0a3bb2baed4ce3810,7c1c5248808f73b2f3a6,artifact checksum plus exact source locator and H6 cell coordinates
edge:38e3fece8fa2bb96ee4d,source_artifact:a3b2d14f73a6944e5daa,source_record:9d014b544d90b04f050e,artifact_contains_record,87cdfc70ee6d45666fec,425bfdd5ca02ab3e3cc1,artifact checksum plus exact source locator and H6 cell coordinates
edge:4232dd4aaa72511338a1,source_artifact:5b60d57510ca563f2783,source_record:875236bbef4d7952b885,artifact_contains_record,f4b6cbcb460eaef0f82e,e4982bb0d13ac08094aa,artifact checksum plus exact source locator and H6 cell coordinates
edge:43220f84103cda278c6b,source_artifact:a3b2d14f73a6944e5daa,source_record:d3ee5d39849b0096d5ce,artifact_contains_record,4af2e0e7825c9f2ac443,71a013b45f47a8aefa7d,artifact checksum plus exact source locator and H6 cell coordinates
edge:46434d833f843f1bd53b,source_artifact:3c803d0b82626170d679,source_record:87c903ae7b46a49c415f,artifact_contains_record,69745dd19d776c69570e,425bfdd5ca02ab3e3cc1,artifact checksum plus exact source locator and H6 cell coordinates
edge:4d8bac867f488707b821,source_artifact:3c803d0b82626170d679,source_record:0ee5489cd01f22e5a51c,artifact_contains_record,edde0b27f2f31f5fb962,5b5eeef107bb6f124496,artifact checksum plus exact source locator and H6 cell coordinates
edge:4dfb3f7520ca1eab7a1c,source_artifact:3c803d0b82626170d679,source_record:a2585ae02f3eb15eab0e,artifact_contains_record,5fab5a82719cacffcbe4,1c03a76cb6a98f53235d,artifact checksum plus exact source locator and H6 cell coordinates
edge:4e36ec3b40b7df2512e2,source_artifact:5b60d57510ca563f2783,source_record:091fddff5547c21e53b2,artifact_contains_record,a34fc65bf470c1e7ce20,af12d1ae8c1555d899be,artifact checksum plus exact source locator and H6 cell coordinates
edge:59b8161139e0629fcbb0,source_artifact:3c803d0b82626170d679,source_record:e6e65cbbb0692b29878a,artifact_contains_record,463dda3fe5140e2fbed2,7c1c5248808f73b2f3a6,artifact checksum plus exact source locator and H6 cell coordinates
edge:61355e15541bca1f20ef,source_artifact:a3b2d14f73a6944e5daa,source_record:1822780c1a34fa87ecd7,artifact_contains_record,506a60e86fb32d9c608b,e33e2f8351747300cba7,artifact checksum plus exact source locator and H6 cell coordinates
edge:621b974409edfbf5f609,source_artifact:3c803d0b82626170d679,source_record:a98acfe4bec18f9a0390,artifact_contains_record,f2b9db071dd4766d6307,e4982bb0d13ac08094aa,artifact checksum plus exact source locator and H6 cell coordinates
edge:67f7ff8394c2baf6c0ff,source_artifact:3c803d0b82626170d679,source_record:192aacf02d8179c6f75a,artifact_contains_record,69a1ecde0bf18c3a84ae,af12d1ae8c1555d899be,artifact checksum plus exact source locator and H6 cell coordinates
edge:70d7e745fb6f782286f4,source_artifact:a3b2d14f73a6944e5daa,source_record:582a11702e2e666dfc87,artifact_contains_record,e06e475e6f5cb8748897,4aab4307f4906503d2a4,artifact checksum plus exact source locator and H6 cell coordinates
edge:73434360844ec736129d,source_artifact:a3b2d14f73a6944e5daa,source_record:d51908b14d4f43919f94,artifact_contains_record,cb0d5147421c66597d95,7c1c5248808f73b2f3a6,artifact checksum plus exact source locator and H6 cell coordinates
edge:78d04e1be057f0c18765,source_artifact:5b60d57510ca563f2783,source_record:c9024fe3b36dd1151ec1,artifact_contains_record,72e8553f361951a0c2c8,3087bf08970908c509ca,artifact checksum plus exact source locator and H6 cell coordinates
edge:8269d57f04f41d1c0b0f,source_artifact:a3b2d14f73a6944e5daa,source_record:470895f1243b5ec9b3fc,artifact_contains_record,d3d17696ddd6a7bcb743,af12d1ae8c1555d899be,artifact checksum plus exact source locator and H6 cell coordinates
edge:9774320d3af789af4d73,source_artifact:a3b2d14f73a6944e5daa,source_record:193147b5654f5049a70b,artifact_contains_record,b55b4fefc9148be667c1,94651a48df17d3b56a1b,artifact checksum plus exact source locator and H6 cell coordinates
edge:9d889bd0c66a9940fa0e,source_artifact:5b60d57510ca563f2783,source_record:69c44ea8114c54419750,artifact_contains_record,2766cbe2cf960f73ba05,71a013b45f47a8aefa7d,artifact checksum plus exact source locator and H6 cell coordinates
edge:9dd25f905a220b211689,source_artifact:3c803d0b82626170d679,source_record:71811020d9a92abf868d,artifact_contains_record,ad8a7f5c7869af674e3a,05ae4dff5d60b5021813,artifact checksum plus exact source locator and H6 cell coordinates
edge:9e8bafa748bbe567256e,source_artifact:3c803d0b82626170d679,source_record:3edd79e5e5b56f709897,artifact_contains_record,1721995859418ecf608c,3087bf08970908c509ca,artifact checksum plus exact source locator and H6 cell coordinates
edge:9f59c4545eba79c33178,source_artifact:3c803d0b82626170d679,source_record:1aa22f2b385a01569fc4,artifact_contains_record,deabb3549fa520121850,71a013b45f47a8aefa7d,artifact checksum plus exact source locator and H6 cell coordinates
edge:a1408295b9f2ad93444b,source_artifact:5b60d57510ca563f2783,source_record:bbde0e659e98bd2c6084,artifact_contains_record,f831d08aa91c95864cd0,05ae4dff5d60b5021813,artifact checksum plus exact source locator and H6 cell coordinates
edge:aa33584f327ef36d5cae,source_artifact:a3b2d14f73a6944e5daa,source_record:f6a04a1c01641dfdfadc,artifact_contains_record,df8ae4a2843995c9185d,3087bf08970908c509ca,artifact checksum plus exact source locator and H6 cell coordinates
edge:b0662363b413d05ac3ad,source_artifact:3c803d0b82626170d679,source_record:0230a2ca03c36177ec6e,artifact_contains_record,cfe502c53f19a90449e6,94651a48df17d3b56a1b,artifact checksum plus exact source locator and H6 cell coordinates
edge:b18a3521cddb2bc0793a,source_artifact:3c803d0b82626170d679,source_record:55f9eca0640826e24f9c,artifact_contains_record,d99bc3566095bc6ee582,7e097ceb497e25947325,artifact checksum plus exact source locator and H6 cell coordinates
edge:b645299811adb3d6349a,source_artifact:5b60d57510ca563f2783,source_record:16473e53e748c08ec754,artifact_contains_record,9fcd6d7d4f2e24e56db1,1c03a76cb6a98f53235d,artifact checksum plus exact source locator and H6 cell coordinates
edge:bf2e641fa03970b59446,source_artifact:5b60d57510ca563f2783,source_record:294fa03a900a59c6bcc9,artifact_contains_record,27f750d142897641b3b1,e33e2f8351747300cba7,artifact checksum plus exact source locator and H6 cell coordinates
edge:ca68465dd87e667eb122,source_artifact:5b60d57510ca563f2783,source_record:c5368ca23455a251f941,artifact_contains_record,e313de2e0e1a97bc17ff,7e097ceb497e25947325,artifact checksum plus exact source locator and H6 cell coordinates
edge:e3a34759b406127aa616,source_artifact:a3b2d14f73a6944e5daa,source_record:423572d2616d043c15d1,artifact_contains_record,49b82f2b710bfb946f9f,e4982bb0d13ac08094aa,artifact checksum plus exact source locator and H6 cell coordinates
edge:e795386a64d506cc9fd2,source_artifact:3c803d0b82626170d679,source_record:061aced56e5316f767e3,artifact_contains_record,74fed6e1c3d917191be6,53b2a1ef09a68d6c5173,artifact checksum plus exact source locator and H6 cell coordinates
edge:eb7034130d07fb686dcd,source_artifact:3c803d0b82626170d679,source_record:c2b5603f1388485b6d3e,artifact_contains_record,356dadeceba952eb2a0c,e33e2f8351747300cba7,artifact checksum plus exact source locator and H6 cell coordinates
edge:fee8ae19d02881e74d99,source_artifact:5b60d57510ca563f2783,source_record:010ca4a0b9492cf8f0be,artifact_contains_record,6fbf4aae1b9a6de0051a,94651a48df17d3b56a1b,artifact checksum plus exact source locator and H6 cell coordinates
edge:051c36c93aa437373c92,ingestion_batch:262525ea522552e448f9,transformation_run:9c729c994c878f480a2a,ingestion_batch_feeds_run,,,H6 ingestion_batch_id and transformation_run_id
edge:23d6e689c814258f07de,source_manifest:c1f834a5eb747d6a015d,source_artifact:a3b2d14f73a6944e5daa,manifest_declares_artifact,,,explicit manifest path and artifact checksum
edge:9e53339d462c856b4ac2,source_manifest:8efcc15a73d4d43bf419,source_artifact:3c803d0b82626170d679,manifest_declares_artifact,,,explicit manifest path and artifact checksum
edge:f1c9eccd8dd2d02a7714,source_manifest:8efcc15a73d4d43bf419,source_artifact:5b60d57510ca563f2783,manifest_declares_artifact,,,explicit manifest path and artifact checksum
edge:062fb38225ff216e7ad8,source_manifest:c1f834a5eb747d6a015d,vintage:c0a2e938ba2212e1aa72,manifest_declares_vintage,,,explicit vintage manifest path and checksum
edge:2463ca28438af08529bd,source_manifest:8efcc15a73d4d43bf419,vintage:26fea14cace77e23d749,manifest_declares_vintage,,,explicit vintage manifest path and checksum
edge:c1535306496fc80e9563,source_manifest:8efcc15a73d4d43bf419,vintage:ee62d93cbabad154b03d,manifest_declares_vintage,,,explicit vintage manifest path and checksum
edge:03cc979a520aca340bfc,observation:be61f5d1cfa355a917f0,indicator_cell:5fd7f1c394470ba4a878,observation_materializes_cell,356dadeceba952eb2a0c,e33e2f8351747300cba7,H6 stable cell_id
edge:0b68d711a0ea7d53c21b,observation:3f64e0aa5f69399e8a04,indicator_cell:932a2e3f54ff599be81b,observation_materializes_cell,09bd4158de9b28a03d83,1c03a76cb6a98f53235d,H6 stable cell_id
edge:0ebd489b721451dc03bc,observation:202f97684ab8629aa916,indicator_cell:ae652356f54e9da22915,observation_materializes_cell,d3d17696ddd6a7bcb743,af12d1ae8c1555d899be,H6 stable cell_id
edge:111a700f07af74b8b8cc,observation:04df2a67b487f338de1b,indicator_cell:932a2e3f54ff599be81b,observation_materializes_cell,5fab5a82719cacffcbe4,1c03a76cb6a98f53235d,H6 stable cell_id
edge:21706f3202685dc5f05d,observation:b9d9aa4f2beeae259666,indicator_cell:08e4d6d55af0774caa62,observation_materializes_cell,cfe502c53f19a90449e6,94651a48df17d3b56a1b,H6 stable cell_id
edge:2272a2b24d7293c8da6d,observation:3b44dd267dadc5b9eb40,indicator_cell:44587469161d5e598f2a,observation_materializes_cell,2766cbe2cf960f73ba05,71a013b45f47a8aefa7d,H6 stable cell_id
edge:2328e5ff37ad08b80430,observation:f99fdeebfc608df3a8bb,indicator_cell:de3c26510b8871e0d687,observation_materializes_cell,e313de2e0e1a97bc17ff,7e097ceb497e25947325,H6 stable cell_id
edge:28df812cc0a413b3f46b,observation:885040ab6fb9ac0096b2,indicator_cell:feb2ac97cbf469e6c701,observation_materializes_cell,9fe0a3bb2baed4ce3810,7c1c5248808f73b2f3a6,H6 stable cell_id
edge:459c0a53a60ccb3e7d80,observation:389c8092fc51c52bc4eb,indicator_cell:7893e69f53cf7b6d0284,observation_materializes_cell,6ad6dfc4b05d0f292d1f,425bfdd5ca02ab3e3cc1,H6 stable cell_id
edge:63982fdf5f2a6c95f329,observation:ea029425bb6e7db0f2d4,indicator_cell:5fd7f1c394470ba4a878,observation_materializes_cell,27f750d142897641b3b1,e33e2f8351747300cba7,H6 stable cell_id
edge:66e96e602d8a04d45ad0,observation:faa7a4c88494a64e5e39,indicator_cell:e30254e6593a5ad1768e,observation_materializes_cell,bc696217068415ca73e2,4aab4307f4906503d2a4,H6 stable cell_id
edge:6850c65ba54d2d6298ae,observation:e4c9a85a54e3ad78e66c,indicator_cell:aab555ad4759ae18ba76,observation_materializes_cell,ad8a7f5c7869af674e3a,05ae4dff5d60b5021813,H6 stable cell_id
edge:7036a10c664d349db7f1,observation:31d333568319d88d97b2,indicator_cell:e30254e6593a5ad1768e,observation_materializes_cell,a16c09b869c2ad72a4ea,4aab4307f4906503d2a4,H6 stable cell_id
edge:718341a02f1381ec6079,observation:5577ee9eb9f8775867ee,indicator_cell:de3c26510b8871e0d687,observation_materializes_cell,d99bc3566095bc6ee582,7e097ceb497e25947325,H6 stable cell_id
edge:81c8fc1b2773bcd9d000,observation:294d2d83bf86fa753446,indicator_cell:08e4d6d55af0774caa62,observation_materializes_cell,6fbf4aae1b9a6de0051a,94651a48df17d3b56a1b,H6 stable cell_id
edge:89cbaef1797c7e6e77dc,observation:6e3265bf4a2eadf39698,indicator_cell:44587469161d5e598f2a,observation_materializes_cell,4af2e0e7825c9f2ac443,71a013b45f47a8aefa7d,H6 stable cell_id
edge:8cac4725792c5768e4b0,observation:da340ced2539c49628bf,indicator_cell:ae652356f54e9da22915,observation_materializes_cell,a34fc65bf470c1e7ce20,af12d1ae8c1555d899be,H6 stable cell_id
edge:8ff700679e93749b490d,observation:e19175cc2d07bb652fd5,indicator_cell:7893e69f53cf7b6d0284,observation_materializes_cell,69745dd19d776c69570e,425bfdd5ca02ab3e3cc1,H6 stable cell_id
edge:94a2dbb9883a00825d75,observation:c8636f1fbb21ce328ae5,indicator_cell:08e4d6d55af0774caa62,observation_materializes_cell,b55b4fefc9148be667c1,94651a48df17d3b56a1b,H6 stable cell_id
edge:984d94cd51c202b80a3b,observation:0970843830c2ae7c8503,indicator_cell:f70883b0424bebcca783,observation_materializes_cell,f2b9db071dd4766d6307,e4982bb0d13ac08094aa,H6 stable cell_id
edge:a045abf8994b538a183f,observation:a7e8ddddcfeb654133b3,indicator_cell:9f4335805533dc1644dc,observation_materializes_cell,72e8553f361951a0c2c8,3087bf08970908c509ca,H6 stable cell_id
edge:a376b037fd815bd08f48,observation:5f781c26691e4c1d4e63,indicator_cell:55e36c8d23c81a7e5e6f,observation_materializes_cell,05a8528c88245297d4ba,5b5eeef107bb6f124496,H6 stable cell_id
edge:aa7235033e296af44a2b,observation:de0321deca75854654ba,indicator_cell:5fd7f1c394470ba4a878,observation_materializes_cell,506a60e86fb32d9c608b,e33e2f8351747300cba7,H6 stable cell_id
edge:bba347dc426d90b28d3f,observation:8723d68bb99c76a272c0,indicator_cell:c4a866eca4b16dd78a5b,observation_materializes_cell,211b04665de26cd11d77,53b2a1ef09a68d6c5173,H6 stable cell_id
edge:c4a9eed82d0c716ef665,observation:c8d559d64c4d785c41a3,indicator_cell:9f4335805533dc1644dc,observation_materializes_cell,1721995859418ecf608c,3087bf08970908c509ca,H6 stable cell_id
edge:c6fd3b3ba2ab84a177ae,observation:864f2c2d1b88e471e06c,indicator_cell:f70883b0424bebcca783,observation_materializes_cell,49b82f2b710bfb946f9f,e4982bb0d13ac08094aa,H6 stable cell_id
edge:cb3b0bc6bb10cbc7a1af,observation:4d4d1e51259f85b21f1d,indicator_cell:e30254e6593a5ad1768e,observation_materializes_cell,e06e475e6f5cb8748897,4aab4307f4906503d2a4,H6 stable cell_id
edge:cc77a66c956ab4f1ab7e,observation:1b7b7decaafba2e44741,indicator_cell:aab555ad4759ae18ba76,observation_materializes_cell,f831d08aa91c95864cd0,05ae4dff5d60b5021813,H6 stable cell_id
edge:d46fd9ade8f77a02e18a,observation:fd786e62692104822637,indicator_cell:7893e69f53cf7b6d0284,observation_materializes_cell,87cdfc70ee6d45666fec,425bfdd5ca02ab3e3cc1,H6 stable cell_id
edge:e2b93b6060b08a415bc7,observation:4451fa83b206a52cd53e,indicator_cell:feb2ac97cbf469e6c701,observation_materializes_cell,463dda3fe5140e2fbed2,7c1c5248808f73b2f3a6,H6 stable cell_id
edge:e3f0ce5d4bc903d0bfbf,observation:e36405cf00bd435e3d3d,indicator_cell:c4a866eca4b16dd78a5b,observation_materializes_cell,74fed6e1c3d917191be6,53b2a1ef09a68d6c5173,H6 stable cell_id
edge:e4022255048e6dabb39d,observation:c0e44bfaff03fb3d0e85,indicator_cell:ae652356f54e9da22915,observation_materializes_cell,69a1ecde0bf18c3a84ae,af12d1ae8c1555d899be,H6 stable cell_id
edge:e736654947ee5cc84e48,observation:cc516c3714c088b54218,indicator_cell:f70883b0424bebcca783,observation_materializes_cell,f4b6cbcb460eaef0f82e,e4982bb0d13ac08094aa,H6 stable cell_id
edge:e92e4c71290275321795,observation:96242f6669896b9035de,indicator_cell:9f4335805533dc1644dc,observation_materializes_cell,df8ae4a2843995c9185d,3087bf08970908c509ca,H6 stable cell_id
edge:eb7d64db01163db05a6d,observation:667f983b01d3cdf7458e,indicator_cell:932a2e3f54ff599be81b,observation_materializes_cell,9fcd6d7d4f2e24e56db1,1c03a76cb6a98f53235d,H6 stable cell_id
edge:f68153b64c023f03e6f0,observation:1ecfe2896341b81743b9,indicator_cell:55e36c8d23c81a7e5e6f,observation_materializes_cell,edde0b27f2f31f5fb962,5b5eeef107bb6f124496,H6 stable cell_id
edge:f6af64e78d995a29282f,observation:3b1d7e44c2f83aa6fe02,indicator_cell:44587469161d5e598f2a,observation_materializes_cell,deabb3549fa520121850,71a013b45f47a8aefa7d,H6 stable cell_id
edge:fb10d1507128aa608d3b,observation:3a58dba97aae26b9300b,indicator_cell:feb2ac97cbf469e6c701,observation_materializes_cell,cb0d5147421c66597d95,7c1c5248808f73b2f3a6,H6 stable cell_id
edge:048fbdc25d74ce26cc11,source_record:d3ee5d39849b0096d5ce,observation:6e3265bf4a2eadf39698,record_sources_observation,4af2e0e7825c9f2ac443,71a013b45f47a8aefa7d,H6 source_record_id carried by the observation
edge:07f59118e26bcad9d3e2,source_record:1aa22f2b385a01569fc4,observation:3b1d7e44c2f83aa6fe02,record_sources_observation,deabb3549fa520121850,71a013b45f47a8aefa7d,H6 source_record_id carried by the observation
edge:0e1d7a5514f63e18e083,source_record:a98acfe4bec18f9a0390,observation:0970843830c2ae7c8503,record_sources_observation,f2b9db071dd4766d6307,e4982bb0d13ac08094aa,H6 source_record_id carried by the observation
edge:10da89b600811e81bd44,source_record:423572d2616d043c15d1,observation:864f2c2d1b88e471e06c,record_sources_observation,49b82f2b710bfb946f9f,e4982bb0d13ac08094aa,H6 source_record_id carried by the observation
edge:12982ed0711af4db7b80,source_record:294fa03a900a59c6bcc9,observation:ea029425bb6e7db0f2d4,record_sources_observation,27f750d142897641b3b1,e33e2f8351747300cba7,H6 source_record_id carried by the observation
edge:17bca1fdcf004a6afca3,source_record:192aacf02d8179c6f75a,observation:c0e44bfaff03fb3d0e85,record_sources_observation,69a1ecde0bf18c3a84ae,af12d1ae8c1555d899be,H6 source_record_id carried by the observation
edge:1c3b99d0b1335a5cede1,source_record:a2585ae02f3eb15eab0e,observation:04df2a67b487f338de1b,record_sources_observation,5fab5a82719cacffcbe4,1c03a76cb6a98f53235d,H6 source_record_id carried by the observation
edge:1df15a42b5ac6f421de3,source_record:87c903ae7b46a49c415f,observation:e19175cc2d07bb652fd5,record_sources_observation,69745dd19d776c69570e,425bfdd5ca02ab3e3cc1,H6 source_record_id carried by the observation
edge:1ff94b76e1be297a6727,source_record:26de36e57a1c215a6f55,observation:31d333568319d88d97b2,record_sources_observation,a16c09b869c2ad72a4ea,4aab4307f4906503d2a4,H6 source_record_id carried by the observation
edge:2000315db556dd957f03,source_record:621b059bcf550a1ead3a,observation:3f64e0aa5f69399e8a04,record_sources_observation,09bd4158de9b28a03d83,1c03a76cb6a98f53235d,H6 source_record_id carried by the observation
edge:35778c5d407e8c7b8b9d,source_record:3edd79e5e5b56f709897,observation:c8d559d64c4d785c41a3,record_sources_observation,1721995859418ecf608c,3087bf08970908c509ca,H6 source_record_id carried by the observation
edge:3bb5c1773d92206072f6,source_record:55f9eca0640826e24f9c,observation:5577ee9eb9f8775867ee,record_sources_observation,d99bc3566095bc6ee582,7e097ceb497e25947325,H6 source_record_id carried by the observation
edge:419b041a6cc99049a96f,source_record:582a11702e2e666dfc87,observation:4d4d1e51259f85b21f1d,record_sources_observation,e06e475e6f5cb8748897,4aab4307f4906503d2a4,H6 source_record_id carried by the observation
edge:5c74117bf4ac800b58bb,source_record:c5368ca23455a251f941,observation:f99fdeebfc608df3a8bb,record_sources_observation,e313de2e0e1a97bc17ff,7e097ceb497e25947325,H6 source_record_id carried by the observation
edge:5f6b672c0b712d409c63,source_record:010ca4a0b9492cf8f0be,observation:294d2d83bf86fa753446,record_sources_observation,6fbf4aae1b9a6de0051a,94651a48df17d3b56a1b,H6 source_record_id carried by the observation
edge:631ed43ec900d2792911,source_record:193147b5654f5049a70b,observation:c8636f1fbb21ce328ae5,record_sources_observation,b55b4fefc9148be667c1,94651a48df17d3b56a1b,H6 source_record_id carried by the observation
edge:6495d85fd4357a615671,source_record:0ee5489cd01f22e5a51c,observation:1ecfe2896341b81743b9,record_sources_observation,edde0b27f2f31f5fb962,5b5eeef107bb6f124496,H6 source_record_id carried by the observation
edge:658e7469f723f1b585f5,source_record:f6a04a1c01641dfdfadc,observation:96242f6669896b9035de,record_sources_observation,df8ae4a2843995c9185d,3087bf08970908c509ca,H6 source_record_id carried by the observation
edge:6a31d3a09e219a1237fe,source_record:d51908b14d4f43919f94,observation:3a58dba97aae26b9300b,record_sources_observation,cb0d5147421c66597d95,7c1c5248808f73b2f3a6,H6 source_record_id carried by the observation
edge:71866c6cb08dbaa0c859,source_record:c9024fe3b36dd1151ec1,observation:a7e8ddddcfeb654133b3,record_sources_observation,72e8553f361951a0c2c8,3087bf08970908c509ca,H6 source_record_id carried by the observation
edge:73178d8557acdbd927d8,source_record:9d014b544d90b04f050e,observation:fd786e62692104822637,record_sources_observation,87cdfc70ee6d45666fec,425bfdd5ca02ab3e3cc1,H6 source_record_id carried by the observation
edge:7c52abec8301915a3956,source_record:07204f7959a158920906,observation:5f781c26691e4c1d4e63,record_sources_observation,05a8528c88245297d4ba,5b5eeef107bb6f124496,H6 source_record_id carried by the observation
edge:7d1c63e511c7fb7277df,source_record:609ed81aeb94651f9f28,observation:faa7a4c88494a64e5e39,record_sources_observation,bc696217068415ca73e2,4aab4307f4906503d2a4,H6 source_record_id carried by the observation
edge:7d97ad5aca9915b9e831,source_record:bbde0e659e98bd2c6084,observation:1b7b7decaafba2e44741,record_sources_observation,f831d08aa91c95864cd0,05ae4dff5d60b5021813,H6 source_record_id carried by the observation
edge:7f27bf0b0d01f1b84454,source_record:1822780c1a34fa87ecd7,observation:de0321deca75854654ba,record_sources_observation,506a60e86fb32d9c608b,e33e2f8351747300cba7,H6 source_record_id carried by the observation
edge:85e5edbf17ab483d1eba,source_record:7e35d4e934c4fa296c7d,observation:389c8092fc51c52bc4eb,record_sources_observation,6ad6dfc4b05d0f292d1f,425bfdd5ca02ab3e3cc1,H6 source_record_id carried by the observation
edge:8672fb508446f354eb3d,source_record:c2b5603f1388485b6d3e,observation:be61f5d1cfa355a917f0,record_sources_observation,356dadeceba952eb2a0c,e33e2f8351747300cba7,H6 source_record_id carried by the observation
edge:9b85261ff9ac07a8a4be,source_record:061aced56e5316f767e3,observation:e36405cf00bd435e3d3d,record_sources_observation,74fed6e1c3d917191be6,53b2a1ef09a68d6c5173,H6 source_record_id carried by the observation
edge:a477ba478c6016a5c04a,source_record:16473e53e748c08ec754,observation:667f983b01d3cdf7458e,record_sources_observation,9fcd6d7d4f2e24e56db1,1c03a76cb6a98f53235d,H6 source_record_id carried by the observation
edge:ae349404d8c598b2eb16,source_record:470895f1243b5ec9b3fc,observation:202f97684ab8629aa916,record_sources_observation,d3d17696ddd6a7bcb743,af12d1ae8c1555d899be,H6 source_record_id carried by the observation
edge:b4d9eb1c17ee133cc232,source_record:e6e65cbbb0692b29878a,observation:4451fa83b206a52cd53e,record_sources_observation,463dda3fe5140e2fbed2,7c1c5248808f73b2f3a6,H6 source_record_id carried by the observation
edge:bc6c3b3a0ae53dd7867c,source_record:71811020d9a92abf868d,observation:e4c9a85a54e3ad78e66c,record_sources_observation,ad8a7f5c7869af674e3a,05ae4dff5d60b5021813,H6 source_record_id carried by the observation
edge:c2f0fea241af5c38aec5,source_record:091fddff5547c21e53b2,observation:da340ced2539c49628bf,record_sources_observation,a34fc65bf470c1e7ce20,af12d1ae8c1555d899be,H6 source_record_id carried by the observation
edge:cf54b9d78694f1659743,source_record:875236bbef4d7952b885,observation:cc516c3714c088b54218,record_sources_observation,f4b6cbcb460eaef0f82e,e4982bb0d13ac08094aa,H6 source_record_id carried by the observation
edge:e78fc95f1111f6a4e65e,source_record:4ed2457911a60c3d488b,observation:8723d68bb99c76a272c0,record_sources_observation,211b04665de26cd11d77,53b2a1ef09a68d6c5173,H6 source_record_id carried by the observation
edge:f1c43cf64feb0dbf008c,source_record:271cc1d0fc53de1a353a,observation:885040ab6fb9ac0096b2,record_sources_observation,9fe0a3bb2baed4ce3810,7c1c5248808f73b2f3a6,H6 source_record_id carried by the observation
edge:f3023b61ebc604c45ec4,source_record:69c44ea8114c54419750,observation:3b44dd267dadc5b9eb40,record_sources_observation,2766cbe2cf960f73ba05,71a013b45f47a8aefa7d,H6 source_record_id carried by the observation
edge:f68ded29a681496095a3,source_record:0230a2ca03c36177ec6e,observation:b9d9aa4f2beeae259666,record_sources_observation,cfe502c53f19a90449e6,94651a48df17d3b56a1b,H6 source_record_id carried by the observation
edge:0cf7e452cf71a82ad5a1,transformation_run:9c729c994c878f480a2a,observation:c8636f1fbb21ce328ae5,transformation_run_derives_observation,b55b4fefc9148be667c1,94651a48df17d3b56a1b,H6 transformation_run_id
edge:0d2389d41885b58e8bb5,transformation_run:9c729c994c878f480a2a,observation:e4c9a85a54e3ad78e66c,transformation_run_derives_observation,ad8a7f5c7869af674e3a,05ae4dff5d60b5021813,H6 transformation_run_id
edge:0d8c4f256650631288c0,transformation_run:9c729c994c878f480a2a,observation:5577ee9eb9f8775867ee,transformation_run_derives_observation,d99bc3566095bc6ee582,7e097ceb497e25947325,H6 transformation_run_id
edge:158a6b5ba066b1a8429d,transformation_run:9c729c994c878f480a2a,observation:c8d559d64c4d785c41a3,transformation_run_derives_observation,1721995859418ecf608c,3087bf08970908c509ca,H6 transformation_run_id
edge:16d08dfc86d405666571,transformation_run:9c729c994c878f480a2a,observation:f99fdeebfc608df3a8bb,transformation_run_derives_observation,e313de2e0e1a97bc17ff,7e097ceb497e25947325,H6 transformation_run_id
edge:1e6728a75be43ea37f39,transformation_run:9c729c994c878f480a2a,observation:8723d68bb99c76a272c0,transformation_run_derives_observation,211b04665de26cd11d77,53b2a1ef09a68d6c5173,H6 transformation_run_id
edge:21b024ea15851167b33b,transformation_run:9c729c994c878f480a2a,observation:b9d9aa4f2beeae259666,transformation_run_derives_observation,cfe502c53f19a90449e6,94651a48df17d3b56a1b,H6 transformation_run_id
edge:37412f7861bd15855e6a,transformation_run:9c729c994c878f480a2a,observation:389c8092fc51c52bc4eb,transformation_run_derives_observation,6ad6dfc4b05d0f292d1f,425bfdd5ca02ab3e3cc1,H6 transformation_run_id
edge:43ae3e2233f62017166f,transformation_run:9c729c994c878f480a2a,observation:4d4d1e51259f85b21f1d,transformation_run_derives_observation,e06e475e6f5cb8748897,4aab4307f4906503d2a4,H6 transformation_run_id
edge:49417f7bf71f704f881c,transformation_run:9c729c994c878f480a2a,observation:ea029425bb6e7db0f2d4,transformation_run_derives_observation,27f750d142897641b3b1,e33e2f8351747300cba7,H6 transformation_run_id
edge:4dc91ad8b186163d3077,transformation_run:9c729c994c878f480a2a,observation:864f2c2d1b88e471e06c,transformation_run_derives_observation,49b82f2b710bfb946f9f,e4982bb0d13ac08094aa,H6 transformation_run_id
edge:51c6223ad23250d58526,transformation_run:9c729c994c878f480a2a,observation:31d333568319d88d97b2,transformation_run_derives_observation,a16c09b869c2ad72a4ea,4aab4307f4906503d2a4,H6 transformation_run_id
edge:61b0ebbf313e66e128a4,transformation_run:9c729c994c878f480a2a,observation:faa7a4c88494a64e5e39,transformation_run_derives_observation,bc696217068415ca73e2,4aab4307f4906503d2a4,H6 transformation_run_id
edge:6a34248e14977fc1f6f5,transformation_run:9c729c994c878f480a2a,observation:fd786e62692104822637,transformation_run_derives_observation,87cdfc70ee6d45666fec,425bfdd5ca02ab3e3cc1,H6 transformation_run_id
edge:768168d5680efa71f663,transformation_run:9c729c994c878f480a2a,observation:6e3265bf4a2eadf39698,transformation_run_derives_observation,4af2e0e7825c9f2ac443,71a013b45f47a8aefa7d,H6 transformation_run_id
edge:76a47c6e1899d15a1457,transformation_run:9c729c994c878f480a2a,observation:667f983b01d3cdf7458e,transformation_run_derives_observation,9fcd6d7d4f2e24e56db1,1c03a76cb6a98f53235d,H6 transformation_run_id
edge:7bcb5200bb3ce7ae49b3,transformation_run:9c729c994c878f480a2a,observation:1b7b7decaafba2e44741,transformation_run_derives_observation,f831d08aa91c95864cd0,05ae4dff5d60b5021813,H6 transformation_run_id
edge:8083f2bd52076108df80,transformation_run:9c729c994c878f480a2a,observation:e19175cc2d07bb652fd5,transformation_run_derives_observation,69745dd19d776c69570e,425bfdd5ca02ab3e3cc1,H6 transformation_run_id
edge:819d219ed154d34a01e6,transformation_run:9c729c994c878f480a2a,observation:04df2a67b487f338de1b,transformation_run_derives_observation,5fab5a82719cacffcbe4,1c03a76cb6a98f53235d,H6 transformation_run_id
edge:867f090cd3d72e66f7b9,transformation_run:9c729c994c878f480a2a,observation:4451fa83b206a52cd53e,transformation_run_derives_observation,463dda3fe5140e2fbed2,7c1c5248808f73b2f3a6,H6 transformation_run_id
edge:8b15592443d249ad6231,transformation_run:9c729c994c878f480a2a,observation:a7e8ddddcfeb654133b3,transformation_run_derives_observation,72e8553f361951a0c2c8,3087bf08970908c509ca,H6 transformation_run_id
edge:8d20bbcce9517e3c1cff,transformation_run:9c729c994c878f480a2a,observation:e36405cf00bd435e3d3d,transformation_run_derives_observation,74fed6e1c3d917191be6,53b2a1ef09a68d6c5173,H6 transformation_run_id
edge:8ef8a0b5a4e294041dcb,transformation_run:9c729c994c878f480a2a,observation:be61f5d1cfa355a917f0,transformation_run_derives_observation,356dadeceba952eb2a0c,e33e2f8351747300cba7,H6 transformation_run_id
edge:8f7c4edec4ca388ce02e,transformation_run:9c729c994c878f480a2a,observation:294d2d83bf86fa753446,transformation_run_derives_observation,6fbf4aae1b9a6de0051a,94651a48df17d3b56a1b,H6 transformation_run_id
edge:932e5dadf917fe05c76b,transformation_run:9c729c994c878f480a2a,observation:96242f6669896b9035de,transformation_run_derives_observation,df8ae4a2843995c9185d,3087bf08970908c509ca,H6 transformation_run_id
edge:9352f4882522e12c3b63,transformation_run:9c729c994c878f480a2a,observation:3a58dba97aae26b9300b,transformation_run_derives_observation,cb0d5147421c66597d95,7c1c5248808f73b2f3a6,H6 transformation_run_id
edge:9df49bcfbca1d3b565bb,transformation_run:9c729c994c878f480a2a,observation:3b1d7e44c2f83aa6fe02,transformation_run_derives_observation,deabb3549fa520121850,71a013b45f47a8aefa7d,H6 transformation_run_id
edge:a11eae3f8789603d21e2,transformation_run:9c729c994c878f480a2a,observation:da340ced2539c49628bf,transformation_run_derives_observation,a34fc65bf470c1e7ce20,af12d1ae8c1555d899be,H6 transformation_run_id
edge:a2b198f7ce6113647ee7,transformation_run:9c729c994c878f480a2a,observation:3b44dd267dadc5b9eb40,transformation_run_derives_observation,2766cbe2cf960f73ba05,71a013b45f47a8aefa7d,H6 transformation_run_id
edge:a50a94e1fb14c9a1ac45,transformation_run:9c729c994c878f480a2a,observation:0970843830c2ae7c8503,transformation_run_derives_observation,f2b9db071dd4766d6307,e4982bb0d13ac08094aa,H6 transformation_run_id
edge:a5286d8eceb1e780e8c5,transformation_run:9c729c994c878f480a2a,observation:885040ab6fb9ac0096b2,transformation_run_derives_observation,9fe0a3bb2baed4ce3810,7c1c5248808f73b2f3a6,H6 transformation_run_id
edge:b15c70344059bbbe50a4,transformation_run:9c729c994c878f480a2a,observation:c0e44bfaff03fb3d0e85,transformation_run_derives_observation,69a1ecde0bf18c3a84ae,af12d1ae8c1555d899be,H6 transformation_run_id
edge:b7a1d1489f1b40031563,transformation_run:9c729c994c878f480a2a,observation:202f97684ab8629aa916,transformation_run_derives_observation,d3d17696ddd6a7bcb743,af12d1ae8c1555d899be,H6 transformation_run_id
edge:c30bcbd508ecf3981de3,transformation_run:9c729c994c878f480a2a,observation:cc516c3714c088b54218,transformation_run_derives_observation,f4b6cbcb460eaef0f82e,e4982bb0d13ac08094aa,H6 transformation_run_id
edge:c5edbc10b853503841f3,transformation_run:9c729c994c878f480a2a,observation:5f781c26691e4c1d4e63,transformation_run_derives_observation,05a8528c88245297d4ba,5b5eeef107bb6f124496,H6 transformation_run_id
edge:d90a7453e41ad4b500e0,transformation_run:9c729c994c878f480a2a,observation:3f64e0aa5f69399e8a04,transformation_run_derives_observation,09bd4158de9b28a03d83,1c03a76cb6a98f53235d,H6 transformation_run_id
edge:dbcf8ca0849575f45e1f,transformation_run:9c729c994c878f480a2a,observation:1ecfe2896341b81743b9,transformation_run_derives_observation,edde0b27f2f31f5fb962,5b5eeef107bb6f124496,H6 transformation_run_id
edge:f5da48b151f63536dd8c,transformation_run:9c729c994c878f480a2a,observation:de0321deca75854654ba,transformation_run_derives_observation,506a60e86fb32d9c608b,e33e2f8351747300cba7,H6 transformation_run_id
edge:068e7fc40583f94677f7,transformation_version:37a19e6adfcd3ab8b59b,observation:389c8092fc51c52bc4eb,transformation_version_projects_observation,6ad6dfc4b05d0f292d1f,425bfdd5ca02ab3e3cc1,H6 transformation_version
edge:08c33d97107a395b9492,transformation_version:37a19e6adfcd3ab8b59b,observation:3b44dd267dadc5b9eb40,transformation_version_projects_observation,2766cbe2cf960f73ba05,71a013b45f47a8aefa7d,H6 transformation_version
edge:095d1c402057382edf11,transformation_version:37a19e6adfcd3ab8b59b,observation:202f97684ab8629aa916,transformation_version_projects_observation,d3d17696ddd6a7bcb743,af12d1ae8c1555d899be,H6 transformation_version
edge:0a270241b26e6e2080fc,transformation_version:37a19e6adfcd3ab8b59b,observation:fd786e62692104822637,transformation_version_projects_observation,87cdfc70ee6d45666fec,425bfdd5ca02ab3e3cc1,H6 transformation_version
edge:179fbd27dbe741b3fd68,transformation_version:37a19e6adfcd3ab8b59b,observation:96242f6669896b9035de,transformation_version_projects_observation,df8ae4a2843995c9185d,3087bf08970908c509ca,H6 transformation_version
edge:205cac894fa3e564c199,transformation_version:37a19e6adfcd3ab8b59b,observation:de0321deca75854654ba,transformation_version_projects_observation,506a60e86fb32d9c608b,e33e2f8351747300cba7,H6 transformation_version
edge:21c7153c8b64564a6cf9,transformation_version:37a19e6adfcd3ab8b59b,observation:4d4d1e51259f85b21f1d,transformation_version_projects_observation,e06e475e6f5cb8748897,4aab4307f4906503d2a4,H6 transformation_version
edge:24baeb3befec58ea9ff0,transformation_version:37a19e6adfcd3ab8b59b,observation:f99fdeebfc608df3a8bb,transformation_version_projects_observation,e313de2e0e1a97bc17ff,7e097ceb497e25947325,H6 transformation_version
edge:2d3bee5e5358a70c573b,transformation_version:37a19e6adfcd3ab8b59b,observation:1ecfe2896341b81743b9,transformation_version_projects_observation,edde0b27f2f31f5fb962,5b5eeef107bb6f124496,H6 transformation_version
edge:2e4e18b15ef882e16f17,transformation_version:37a19e6adfcd3ab8b59b,observation:04df2a67b487f338de1b,transformation_version_projects_observation,5fab5a82719cacffcbe4,1c03a76cb6a98f53235d,H6 transformation_version
edge:34ed236058b7a95e44e3,transformation_version:37a19e6adfcd3ab8b59b,observation:31d333568319d88d97b2,transformation_version_projects_observation,a16c09b869c2ad72a4ea,4aab4307f4906503d2a4,H6 transformation_version
edge:3abe169384a715c0051c,transformation_version:37a19e6adfcd3ab8b59b,observation:4451fa83b206a52cd53e,transformation_version_projects_observation,463dda3fe5140e2fbed2,7c1c5248808f73b2f3a6,H6 transformation_version
edge:405ab0ef867bf476557b,transformation_version:37a19e6adfcd3ab8b59b,observation:c8636f1fbb21ce328ae5,transformation_version_projects_observation,b55b4fefc9148be667c1,94651a48df17d3b56a1b,H6 transformation_version
edge:4170411ce19a40cc4706,transformation_version:37a19e6adfcd3ab8b59b,observation:faa7a4c88494a64e5e39,transformation_version_projects_observation,bc696217068415ca73e2,4aab4307f4906503d2a4,H6 transformation_version
edge:4231fe09332cb7db8329,transformation_version:37a19e6adfcd3ab8b59b,observation:e19175cc2d07bb652fd5,transformation_version_projects_observation,69745dd19d776c69570e,425bfdd5ca02ab3e3cc1,H6 transformation_version
edge:4564be43defef619899b,transformation_version:37a19e6adfcd3ab8b59b,observation:3a58dba97aae26b9300b,transformation_version_projects_observation,cb0d5147421c66597d95,7c1c5248808f73b2f3a6,H6 transformation_version
edge:4e3c08d5340bb1b817ec,transformation_version:37a19e6adfcd3ab8b59b,observation:8723d68bb99c76a272c0,transformation_version_projects_observation,211b04665de26cd11d77,53b2a1ef09a68d6c5173,H6 transformation_version
edge:51cb1bb5ab9957bd18ba,transformation_version:37a19e6adfcd3ab8b59b,observation:da340ced2539c49628bf,transformation_version_projects_observation,a34fc65bf470c1e7ce20,af12d1ae8c1555d899be,H6 transformation_version
edge:55302a250720abf44157,transformation_version:37a19e6adfcd3ab8b59b,observation:864f2c2d1b88e471e06c,transformation_version_projects_observation,49b82f2b710bfb946f9f,e4982bb0d13ac08094aa,H6 transformation_version
edge:61ddcd861a754a2db3f8,transformation_version:37a19e6adfcd3ab8b59b,observation:be61f5d1cfa355a917f0,transformation_version_projects_observation,356dadeceba952eb2a0c,e33e2f8351747300cba7,H6 transformation_version
edge:7e2649970612e486f535,transformation_version:37a19e6adfcd3ab8b59b,observation:5f781c26691e4c1d4e63,transformation_version_projects_observation,05a8528c88245297d4ba,5b5eeef107bb6f124496,H6 transformation_version
edge:7e52e2a4db4cbb88c0d5,transformation_version:37a19e6adfcd3ab8b59b,observation:cc516c3714c088b54218,transformation_version_projects_observation,f4b6cbcb460eaef0f82e,e4982bb0d13ac08094aa,H6 transformation_version
edge:879183e48b47417c9fc8,transformation_version:37a19e6adfcd3ab8b59b,observation:5577ee9eb9f8775867ee,transformation_version_projects_observation,d99bc3566095bc6ee582,7e097ceb497e25947325,H6 transformation_version
edge:923197de9da1b1581d2b,transformation_version:37a19e6adfcd3ab8b59b,observation:0970843830c2ae7c8503,transformation_version_projects_observation,f2b9db071dd4766d6307,e4982bb0d13ac08094aa,H6 transformation_version
edge:9bb4dcccb5e9eb7b013c,transformation_version:37a19e6adfcd3ab8b59b,observation:885040ab6fb9ac0096b2,transformation_version_projects_observation,9fe0a3bb2baed4ce3810,7c1c5248808f73b2f3a6,H6 transformation_version
edge:a4fae249bfd22d89a4b8,transformation_version:37a19e6adfcd3ab8b59b,observation:3b1d7e44c2f83aa6fe02,transformation_version_projects_observation,deabb3549fa520121850,71a013b45f47a8aefa7d,H6 transformation_version
edge:a4fd3a6cf3d2d66a2746,transformation_version:37a19e6adfcd3ab8b59b,observation:667f983b01d3cdf7458e,transformation_version_projects_observation,9fcd6d7d4f2e24e56db1,1c03a76cb6a98f53235d,H6 transformation_version
edge:a96b6155a63385fad2c8,transformation_version:37a19e6adfcd3ab8b59b,observation:b9d9aa4f2beeae259666,transformation_version_projects_observation,cfe502c53f19a90449e6,94651a48df17d3b56a1b,H6 transformation_version
edge:b8ff807207c339dfdaeb,transformation_version:37a19e6adfcd3ab8b59b,observation:6e3265bf4a2eadf39698,transformation_version_projects_observation,4af2e0e7825c9f2ac443,71a013b45f47a8aefa7d,H6 transformation_version
edge:ca93c84eb7b7ac807500,transformation_version:37a19e6adfcd3ab8b59b,observation:ea029425bb6e7db0f2d4,transformation_version_projects_observation,27f750d142897641b3b1,e33e2f8351747300cba7,H6 transformation_version
edge:d71314a9a970785ba602,transformation_version:37a19e6adfcd3ab8b59b,observation:e36405cf00bd435e3d3d,transformation_version_projects_observation,74fed6e1c3d917191be6,53b2a1ef09a68d6c5173,H6 transformation_version
edge:d8f67d6a1dca34d3eedc,transformation_version:37a19e6adfcd3ab8b59b,observation:a7e8ddddcfeb654133b3,transformation_version_projects_observation,72e8553f361951a0c2c8,3087bf08970908c509ca,H6 transformation_version
edge:d969becee0c116fda7a2,transformation_version:37a19e6adfcd3ab8b59b,observation:3f64e0aa5f69399e8a04,transformation_version_projects_observation,09bd4158de9b28a03d83,1c03a76cb6a98f53235d,H6 transformation_version
edge:dad369d120cd503f6b21,transformation_version:37a19e6adfcd3ab8b59b,observation:e4c9a85a54e3ad78e66c,transformation_version_projects_observation,ad8a7f5c7869af674e3a,05ae4dff5d60b5021813,H6 transformation_version
edge:dbf329a67bf0b99be3c5,transformation_version:37a19e6adfcd3ab8b59b,observation:1b7b7decaafba2e44741,transformation_version_projects_observation,f831d08aa91c95864cd0,05ae4dff5d60b5021813,H6 transformation_version
edge:e23b44b4f182ff27a72b,transformation_version:37a19e6adfcd3ab8b59b,observation:294d2d83bf86fa753446,transformation_version_projects_observation,6fbf4aae1b9a6de0051a,94651a48df17d3b56a1b,H6 transformation_version
edge:f374f6921f2a1ecfbfdc,transformation_version:37a19e6adfcd3ab8b59b,observation:c8d559d64c4d785c41a3,transformation_version_projects_observation,1721995859418ecf608c,3087bf08970908c509ca,H6 transformation_version
edge:fdbedcd80109dc4a7fc6,transformation_version:37a19e6adfcd3ab8b59b,observation:c0e44bfaff03fb3d0e85,transformation_version_projects_observation,69a1ecde0bf18c3a84ae,af12d1ae8c1555d899be,H6 transformation_version
edge:0829fe33902324f7a53e,vintage:26fea14cace77e23d749,observation:e4c9a85a54e3ad78e66c,vintage_contextualizes_observation,ad8a7f5c7869af674e3a,05ae4dff5d60b5021813,H6 vintage_id foreign key
edge:0a1ea092bd57f2acf87a,vintage:ee62d93cbabad154b03d,observation:294d2d83bf86fa753446,vintage_contextualizes_observation,6fbf4aae1b9a6de0051a,94651a48df17d3b56a1b,H6 vintage_id foreign key
edge:0dd5a1be3ff4457d7893,vintage:c0a2e938ba2212e1aa72,observation:c8636f1fbb21ce328ae5,vintage_contextualizes_observation,b55b4fefc9148be667c1,94651a48df17d3b56a1b,H6 vintage_id foreign key
edge:1193bd5123736f415488,vintage:26fea14cace77e23d749,observation:0970843830c2ae7c8503,vintage_contextualizes_observation,f2b9db071dd4766d6307,e4982bb0d13ac08094aa,H6 vintage_id foreign key
edge:1b71e2e3675f3855fe4a,vintage:ee62d93cbabad154b03d,observation:f99fdeebfc608df3a8bb,vintage_contextualizes_observation,e313de2e0e1a97bc17ff,7e097ceb497e25947325,H6 vintage_id foreign key
edge:208c7e809f89862ff149,vintage:26fea14cace77e23d749,observation:4451fa83b206a52cd53e,vintage_contextualizes_observation,463dda3fe5140e2fbed2,7c1c5248808f73b2f3a6,H6 vintage_id foreign key
edge:25f39565c4ec44e75f9f,vintage:ee62d93cbabad154b03d,observation:3b44dd267dadc5b9eb40,vintage_contextualizes_observation,2766cbe2cf960f73ba05,71a013b45f47a8aefa7d,H6 vintage_id foreign key
edge:4f5cdc765a96c1e7b023,vintage:ee62d93cbabad154b03d,observation:da340ced2539c49628bf,vintage_contextualizes_observation,a34fc65bf470c1e7ce20,af12d1ae8c1555d899be,H6 vintage_id foreign key
edge:529df786055424fd8979,vintage:c0a2e938ba2212e1aa72,observation:6e3265bf4a2eadf39698,vintage_contextualizes_observation,4af2e0e7825c9f2ac443,71a013b45f47a8aefa7d,H6 vintage_id foreign key
edge:60aa51e021718660e753,vintage:26fea14cace77e23d749,observation:04df2a67b487f338de1b,vintage_contextualizes_observation,5fab5a82719cacffcbe4,1c03a76cb6a98f53235d,H6 vintage_id foreign key
edge:6277b384fe2ec9eae234,vintage:26fea14cace77e23d749,observation:c0e44bfaff03fb3d0e85,vintage_contextualizes_observation,69a1ecde0bf18c3a84ae,af12d1ae8c1555d899be,H6 vintage_id foreign key
edge:65704a0478d260b5c0ec,vintage:ee62d93cbabad154b03d,observation:389c8092fc51c52bc4eb,vintage_contextualizes_observation,6ad6dfc4b05d0f292d1f,425bfdd5ca02ab3e3cc1,H6 vintage_id foreign key
edge:6f1a0ab10fd6e0d71563,vintage:ee62d93cbabad154b03d,observation:667f983b01d3cdf7458e,vintage_contextualizes_observation,9fcd6d7d4f2e24e56db1,1c03a76cb6a98f53235d,H6 vintage_id foreign key
edge:731d0ee94c9206fa7238,vintage:ee62d93cbabad154b03d,observation:ea029425bb6e7db0f2d4,vintage_contextualizes_observation,27f750d142897641b3b1,e33e2f8351747300cba7,H6 vintage_id foreign key
edge:7d5f0128e92a91e061de,vintage:26fea14cace77e23d749,observation:be61f5d1cfa355a917f0,vintage_contextualizes_observation,356dadeceba952eb2a0c,e33e2f8351747300cba7,H6 vintage_id foreign key
edge:8002f529a0241c261486,vintage:c0a2e938ba2212e1aa72,observation:3f64e0aa5f69399e8a04,vintage_contextualizes_observation,09bd4158de9b28a03d83,1c03a76cb6a98f53235d,H6 vintage_id foreign key
edge:940a6891914692dd7d5c,vintage:c0a2e938ba2212e1aa72,observation:4d4d1e51259f85b21f1d,vintage_contextualizes_observation,e06e475e6f5cb8748897,4aab4307f4906503d2a4,H6 vintage_id foreign key
edge:94d40b12757b8346b657,vintage:26fea14cace77e23d749,observation:e19175cc2d07bb652fd5,vintage_contextualizes_observation,69745dd19d776c69570e,425bfdd5ca02ab3e3cc1,H6 vintage_id foreign key
edge:a29c74760d3a34390589,vintage:26fea14cace77e23d749,observation:faa7a4c88494a64e5e39,vintage_contextualizes_observation,bc696217068415ca73e2,4aab4307f4906503d2a4,H6 vintage_id foreign key
edge:a4f05f224637387bceb6,vintage:ee62d93cbabad154b03d,observation:8723d68bb99c76a272c0,vintage_contextualizes_observation,211b04665de26cd11d77,53b2a1ef09a68d6c5173,H6 vintage_id foreign key
edge:ae087166809b3fea1b61,vintage:ee62d93cbabad154b03d,observation:1b7b7decaafba2e44741,vintage_contextualizes_observation,f831d08aa91c95864cd0,05ae4dff5d60b5021813,H6 vintage_id foreign key
edge:aeda832233a681c8f30f,vintage:ee62d93cbabad154b03d,observation:885040ab6fb9ac0096b2,vintage_contextualizes_observation,9fe0a3bb2baed4ce3810,7c1c5248808f73b2f3a6,H6 vintage_id foreign key
edge:b8450243e74fef4dbc62,vintage:c0a2e938ba2212e1aa72,observation:202f97684ab8629aa916,vintage_contextualizes_observation,d3d17696ddd6a7bcb743,af12d1ae8c1555d899be,H6 vintage_id foreign key
edge:bb9fc51fe14dc8f5bb33,vintage:c0a2e938ba2212e1aa72,observation:864f2c2d1b88e471e06c,vintage_contextualizes_observation,49b82f2b710bfb946f9f,e4982bb0d13ac08094aa,H6 vintage_id foreign key
edge:bc59570360fb07f09b61,vintage:ee62d93cbabad154b03d,observation:31d333568319d88d97b2,vintage_contextualizes_observation,a16c09b869c2ad72a4ea,4aab4307f4906503d2a4,H6 vintage_id foreign key
edge:c54b941252b94989378f,vintage:c0a2e938ba2212e1aa72,observation:96242f6669896b9035de,vintage_contextualizes_observation,df8ae4a2843995c9185d,3087bf08970908c509ca,H6 vintage_id foreign key
edge:ce406a537c20e41ead18,vintage:c0a2e938ba2212e1aa72,observation:de0321deca75854654ba,vintage_contextualizes_observation,506a60e86fb32d9c608b,e33e2f8351747300cba7,H6 vintage_id foreign key
edge:d1f11d2d92ca8ed209b8,vintage:26fea14cace77e23d749,observation:5577ee9eb9f8775867ee,vintage_contextualizes_observation,d99bc3566095bc6ee582,7e097ceb497e25947325,H6 vintage_id foreign key
edge:d5d20677d08a09549e92,vintage:26fea14cace77e23d749,observation:1ecfe2896341b81743b9,vintage_contextualizes_observation,edde0b27f2f31f5fb962,5b5eeef107bb6f124496,H6 vintage_id foreign key
edge:d67204796986e8c53094,vintage:26fea14cace77e23d749,observation:c8d559d64c4d785c41a3,vintage_contextualizes_observation,1721995859418ecf608c,3087bf08970908c509ca,H6 vintage_id foreign key
edge:deddc3975c519b481e33,vintage:26fea14cace77e23d749,observation:3b1d7e44c2f83aa6fe02,vintage_contextualizes_observation,deabb3549fa520121850,71a013b45f47a8aefa7d,H6 vintage_id foreign key
edge:e3ff9eef1e0bd2d22e67,vintage:c0a2e938ba2212e1aa72,observation:3a58dba97aae26b9300b,vintage_contextualizes_observation,cb0d5147421c66597d95,7c1c5248808f73b2f3a6,H6 vintage_id foreign key
edge:e8262ed7ccafd3c11582,vintage:ee62d93cbabad154b03d,observation:a7e8ddddcfeb654133b3,vintage_contextualizes_observation,72e8553f361951a0c2c8,3087bf08970908c509ca,H6 vintage_id foreign key
edge:ef56db4e079a92a72593,vintage:c0a2e938ba2212e1aa72,observation:fd786e62692104822637,vintage_contextualizes_observation,87cdfc70ee6d45666fec,425bfdd5ca02ab3e3cc1,H6 vintage_id foreign key
edge:f2fdf70aacc0f961000a,vintage:ee62d93cbabad154b03d,observation:5f781c26691e4c1d4e63,vintage_contextualizes_observation,05a8528c88245297d4ba,5b5eeef107bb6f124496,H6 vintage_id foreign key
edge:f660f6f84043ef603aab,vintage:26fea14cace77e23d749,observation:e36405cf00bd435e3d3d,vintage_contextualizes_observation,74fed6e1c3d917191be6,53b2a1ef09a68d6c5173,H6 vintage_id foreign key
edge:f9e580df51741a46af85,vintage:26fea14cace77e23d749,observation:b9d9aa4f2beeae259666,vintage_contextualizes_observation,cfe502c53f19a90449e6,94651a48df17d3b56a1b,H6 vintage_id foreign key
edge:fb9c311458bc8cbdf1c3,vintage:ee62d93cbabad154b03d,observation:cc516c3714c088b54218,vintage_contextualizes_observation,f4b6cbcb460eaef0f82e,e4982bb0d13ac08094aa,H6 vintage_id foreign key
