treatment_lineage_id,treatment_id,cell_id,requested_observation_id,source_lineage_path_id,source_record_node_id,observation_node_id,treatment_run_node_id,treatment_decision_node_id,treatment_output_node_id,output_observation_id,decision,requested_addressable,treatment_manifest_path,treatment_manifest_sha256,complete
treatment_path:7a0b8df385da4e3812b6,B0,05ae4dff5d60b5021813,ad8a7f5c7869af674e3a,path:757c700c17d517b3f7c3,source_record:71811020d9a92abf868d,observation:e4c9a85a54e3ad78e66c,treatment_run:ef7359e4d147cbd8daf2,treatment_decision:bd6820f4625f446558d7,treatment_output:4372d54e81fafb2c0f84,ad8a7f5c7869af674e3a,current_available,yes,data/manifests/h7-b0-overwrite.json,3a58c69db80ff66d43f965b24ab770a7c03a99a554d2ac36d9b0e239e29c99ff,yes
treatment_path:7c52048327bc6632ca64,B0,05ae4dff5d60b5021813,f831d08aa91c95864cd0,path:1e69049e8ab82ddb3293,source_record:bbde0e659e98bd2c6084,observation:1b7b7decaafba2e44741,treatment_run:ef7359e4d147cbd8daf2,treatment_decision:94a34350fee164c39a62,treatment_output:4372d54e81fafb2c0f84,ad8a7f5c7869af674e3a,historical_overwritten,no,data/manifests/h7-b0-overwrite.json,3a58c69db80ff66d43f965b24ab770a7c03a99a554d2ac36d9b0e239e29c99ff,yes
treatment_path:d4d4e64a3e3bf8c77fba,B0,1c03a76cb6a98f53235d,09bd4158de9b28a03d83,path:b98116cdfc3625b57334,source_record:621b059bcf550a1ead3a,observation:3f64e0aa5f69399e8a04,treatment_run:ef7359e4d147cbd8daf2,treatment_decision:51e4a3353b3340e49584,treatment_output:988e610dfb898a7d1f5a,09bd4158de9b28a03d83,current_available,yes,data/manifests/h7-b0-overwrite.json,3a58c69db80ff66d43f965b24ab770a7c03a99a554d2ac36d9b0e239e29c99ff,yes
treatment_path:19e97d71e83a60be9a99,B0,1c03a76cb6a98f53235d,5fab5a82719cacffcbe4,path:9cfd576ba6467c314ac3,source_record:a2585ae02f3eb15eab0e,observation:04df2a67b487f338de1b,treatment_run:ef7359e4d147cbd8daf2,treatment_decision:b4cc3058de5b03e4acce,treatment_output:988e610dfb898a7d1f5a,09bd4158de9b28a03d83,historical_overwritten,no,data/manifests/h7-b0-overwrite.json,3a58c69db80ff66d43f965b24ab770a7c03a99a554d2ac36d9b0e239e29c99ff,yes
treatment_path:1f96bbbf8525213edf6c,B0,1c03a76cb6a98f53235d,9fcd6d7d4f2e24e56db1,path:0f4459bbf2991e7490f0,source_record:16473e53e748c08ec754,observation:667f983b01d3cdf7458e,treatment_run:ef7359e4d147cbd8daf2,treatment_decision:7afe198206a88203597a,treatment_output:988e610dfb898a7d1f5a,09bd4158de9b28a03d83,historical_overwritten,no,data/manifests/h7-b0-overwrite.json,3a58c69db80ff66d43f965b24ab770a7c03a99a554d2ac36d9b0e239e29c99ff,yes
treatment_path:01215416fdbacf66c627,B0,3087bf08970908c509ca,1721995859418ecf608c,path:62b34012c87ba9a4340f,source_record:3edd79e5e5b56f709897,observation:c8d559d64c4d785c41a3,treatment_run:ef7359e4d147cbd8daf2,treatment_decision:e32eb47856f958bf1744,treatment_output:731969672c59f2871e76,df8ae4a2843995c9185d,historical_overwritten,no,data/manifests/h7-b0-overwrite.json,3a58c69db80ff66d43f965b24ab770a7c03a99a554d2ac36d9b0e239e29c99ff,yes
treatment_path:e11de7731502eb0c9a24,B0,3087bf08970908c509ca,72e8553f361951a0c2c8,path:80b166643382e0ef0e65,source_record:c9024fe3b36dd1151ec1,observation:a7e8ddddcfeb654133b3,treatment_run:ef7359e4d147cbd8daf2,treatment_decision:5845e2ce8feda0a2471b,treatment_output:731969672c59f2871e76,df8ae4a2843995c9185d,historical_overwritten,no,data/manifests/h7-b0-overwrite.json,3a58c69db80ff66d43f965b24ab770a7c03a99a554d2ac36d9b0e239e29c99ff,yes
treatment_path:37dbf06d6f7b42aba6b1,B0,3087bf08970908c509ca,df8ae4a2843995c9185d,path:ab93a5e3fc9a10c663fc,source_record:f6a04a1c01641dfdfadc,observation:96242f6669896b9035de,treatment_run:ef7359e4d147cbd8daf2,treatment_decision:de8618385ab0b96a4da0,treatment_output:731969672c59f2871e76,df8ae4a2843995c9185d,current_available,yes,data/manifests/h7-b0-overwrite.json,3a58c69db80ff66d43f965b24ab770a7c03a99a554d2ac36d9b0e239e29c99ff,yes
treatment_path:6e87c191b494def1cdb8,B0,425bfdd5ca02ab3e3cc1,69745dd19d776c69570e,path:2ac84c6536afc316c225,source_record:87c903ae7b46a49c415f,observation:e19175cc2d07bb652fd5,treatment_run:ef7359e4d147cbd8daf2,treatment_decision:45c9c4f407fa3c5bda70,treatment_output:9c7aa8f45edf2e5043da,87cdfc70ee6d45666fec,historical_overwritten,no,data/manifests/h7-b0-overwrite.json,3a58c69db80ff66d43f965b24ab770a7c03a99a554d2ac36d9b0e239e29c99ff,yes
treatment_path:7dd1ba43ad88f2bbc7c3,B0,425bfdd5ca02ab3e3cc1,6ad6dfc4b05d0f292d1f,path:48ecac1095ede20645a5,source_record:7e35d4e934c4fa296c7d,observation:389c8092fc51c52bc4eb,treatment_run:ef7359e4d147cbd8daf2,treatment_decision:10ccf15de43bd6cc1f66,treatment_output:9c7aa8f45edf2e5043da,87cdfc70ee6d45666fec,historical_overwritten,no,data/manifests/h7-b0-overwrite.json,3a58c69db80ff66d43f965b24ab770a7c03a99a554d2ac36d9b0e239e29c99ff,yes
treatment_path:b8c2a0ce784cbeccd0ab,B0,425bfdd5ca02ab3e3cc1,87cdfc70ee6d45666fec,path:3a7cea85e37e471d8faa,source_record:9d014b544d90b04f050e,observation:fd786e62692104822637,treatment_run:ef7359e4d147cbd8daf2,treatment_decision:509cb54e0571af9e1f50,treatment_output:9c7aa8f45edf2e5043da,87cdfc70ee6d45666fec,current_available,yes,data/manifests/h7-b0-overwrite.json,3a58c69db80ff66d43f965b24ab770a7c03a99a554d2ac36d9b0e239e29c99ff,yes
treatment_path:6afd1f340218a8fadf2a,B0,4aab4307f4906503d2a4,a16c09b869c2ad72a4ea,path:b8bc76cfb7e9c8cf1e7d,source_record:26de36e57a1c215a6f55,observation:31d333568319d88d97b2,treatment_run:ef7359e4d147cbd8daf2,treatment_decision:5b2bbe6c544f7987b94c,treatment_output:c9e3b820d99df8cfd24a,e06e475e6f5cb8748897,historical_overwritten,no,data/manifests/h7-b0-overwrite.json,3a58c69db80ff66d43f965b24ab770a7c03a99a554d2ac36d9b0e239e29c99ff,yes
treatment_path:665c939b11437a522e14,B0,4aab4307f4906503d2a4,bc696217068415ca73e2,path:d90dfe4a0892ed071720,source_record:609ed81aeb94651f9f28,observation:faa7a4c88494a64e5e39,treatment_run:ef7359e4d147cbd8daf2,treatment_decision:f0f9398e159a89805a66,treatment_output:c9e3b820d99df8cfd24a,e06e475e6f5cb8748897,historical_overwritten,no,data/manifests/h7-b0-overwrite.json,3a58c69db80ff66d43f965b24ab770a7c03a99a554d2ac36d9b0e239e29c99ff,yes
treatment_path:dbe1ab6a404de21e9495,B0,4aab4307f4906503d2a4,e06e475e6f5cb8748897,path:8dfd2bbf25d027333a9d,source_record:582a11702e2e666dfc87,observation:4d4d1e51259f85b21f1d,treatment_run:ef7359e4d147cbd8daf2,treatment_decision:1e0b717dca3619cbc832,treatment_output:c9e3b820d99df8cfd24a,e06e475e6f5cb8748897,current_available,yes,data/manifests/h7-b0-overwrite.json,3a58c69db80ff66d43f965b24ab770a7c03a99a554d2ac36d9b0e239e29c99ff,yes
treatment_path:91183cb952f48c2f0082,B0,53b2a1ef09a68d6c5173,211b04665de26cd11d77,path:bb4132599b10a4c786e9,source_record:4ed2457911a60c3d488b,observation:8723d68bb99c76a272c0,treatment_run:ef7359e4d147cbd8daf2,treatment_decision:0abd4a86810b0413b3d9,treatment_output:234f15398f84db5e04ef,74fed6e1c3d917191be6,historical_overwritten,no,data/manifests/h7-b0-overwrite.json,3a58c69db80ff66d43f965b24ab770a7c03a99a554d2ac36d9b0e239e29c99ff,yes
treatment_path:2f7f3ad5db9e0393d95b,B0,53b2a1ef09a68d6c5173,74fed6e1c3d917191be6,path:021aaa0e50db5b3937c5,source_record:061aced56e5316f767e3,observation:e36405cf00bd435e3d3d,treatment_run:ef7359e4d147cbd8daf2,treatment_decision:fa01589df546f2ac10bc,treatment_output:234f15398f84db5e04ef,74fed6e1c3d917191be6,current_available,yes,data/manifests/h7-b0-overwrite.json,3a58c69db80ff66d43f965b24ab770a7c03a99a554d2ac36d9b0e239e29c99ff,yes
treatment_path:7e79780442eeaffb87fe,B0,5b5eeef107bb6f124496,05a8528c88245297d4ba,path:61a65539dd7fd15cc1b6,source_record:07204f7959a158920906,observation:5f781c26691e4c1d4e63,treatment_run:ef7359e4d147cbd8daf2,treatment_decision:521d48c5bcc94247c67b,treatment_output:4e88d5c3b721496dd778,edde0b27f2f31f5fb962,historical_overwritten,no,data/manifests/h7-b0-overwrite.json,3a58c69db80ff66d43f965b24ab770a7c03a99a554d2ac36d9b0e239e29c99ff,yes
treatment_path:3fea25928bd25b66c911,B0,5b5eeef107bb6f124496,edde0b27f2f31f5fb962,path:e852ffb2dcb8b95c866a,source_record:0ee5489cd01f22e5a51c,observation:1ecfe2896341b81743b9,treatment_run:ef7359e4d147cbd8daf2,treatment_decision:01e97655d5b8bfaf85b6,treatment_output:4e88d5c3b721496dd778,edde0b27f2f31f5fb962,current_available,yes,data/manifests/h7-b0-overwrite.json,3a58c69db80ff66d43f965b24ab770a7c03a99a554d2ac36d9b0e239e29c99ff,yes
treatment_path:fb5db447bda22d037917,B0,71a013b45f47a8aefa7d,2766cbe2cf960f73ba05,path:24ed4b6b702e502e42e6,source_record:69c44ea8114c54419750,observation:3b44dd267dadc5b9eb40,treatment_run:ef7359e4d147cbd8daf2,treatment_decision:74ac980251856f1cc7c8,treatment_output:20a795746ad404126b29,4af2e0e7825c9f2ac443,historical_overwritten,no,data/manifests/h7-b0-overwrite.json,3a58c69db80ff66d43f965b24ab770a7c03a99a554d2ac36d9b0e239e29c99ff,yes
treatment_path:c148d1af9f25b2b4c817,B0,71a013b45f47a8aefa7d,4af2e0e7825c9f2ac443,path:c432cf9d5f8eb992f618,source_record:d3ee5d39849b0096d5ce,observation:6e3265bf4a2eadf39698,treatment_run:ef7359e4d147cbd8daf2,treatment_decision:e456f220c0c8c9eee183,treatment_output:20a795746ad404126b29,4af2e0e7825c9f2ac443,current_available,yes,data/manifests/h7-b0-overwrite.json,3a58c69db80ff66d43f965b24ab770a7c03a99a554d2ac36d9b0e239e29c99ff,yes
treatment_path:be864169bb44c8c9a866,B0,71a013b45f47a8aefa7d,deabb3549fa520121850,path:88ea43a39fb332364087,source_record:1aa22f2b385a01569fc4,observation:3b1d7e44c2f83aa6fe02,treatment_run:ef7359e4d147cbd8daf2,treatment_decision:733e8862b895e90c023f,treatment_output:20a795746ad404126b29,4af2e0e7825c9f2ac443,historical_overwritten,no,data/manifests/h7-b0-overwrite.json,3a58c69db80ff66d43f965b24ab770a7c03a99a554d2ac36d9b0e239e29c99ff,yes
treatment_path:9c74d29ea8a515bd4340,B0,7c1c5248808f73b2f3a6,463dda3fe5140e2fbed2,path:b2e639819b1544aa2d08,source_record:e6e65cbbb0692b29878a,observation:4451fa83b206a52cd53e,treatment_run:ef7359e4d147cbd8daf2,treatment_decision:501ef06bfa9901cc32a8,treatment_output:130f540cad1892fe9816,cb0d5147421c66597d95,historical_overwritten,no,data/manifests/h7-b0-overwrite.json,3a58c69db80ff66d43f965b24ab770a7c03a99a554d2ac36d9b0e239e29c99ff,yes
treatment_path:40f86493f80c97a46b7b,B0,7c1c5248808f73b2f3a6,9fe0a3bb2baed4ce3810,path:84377c0849e94350fa01,source_record:271cc1d0fc53de1a353a,observation:885040ab6fb9ac0096b2,treatment_run:ef7359e4d147cbd8daf2,treatment_decision:3497f7cefa9fb8da56dc,treatment_output:130f540cad1892fe9816,cb0d5147421c66597d95,historical_overwritten,no,data/manifests/h7-b0-overwrite.json,3a58c69db80ff66d43f965b24ab770a7c03a99a554d2ac36d9b0e239e29c99ff,yes
treatment_path:bf69346986bf4f6a0907,B0,7c1c5248808f73b2f3a6,cb0d5147421c66597d95,path:158d046767399e2f4f05,source_record:d51908b14d4f43919f94,observation:3a58dba97aae26b9300b,treatment_run:ef7359e4d147cbd8daf2,treatment_decision:69f8285768cc23cfcd85,treatment_output:130f540cad1892fe9816,cb0d5147421c66597d95,current_available,yes,data/manifests/h7-b0-overwrite.json,3a58c69db80ff66d43f965b24ab770a7c03a99a554d2ac36d9b0e239e29c99ff,yes
treatment_path:8d2791f39307132ecf19,B0,7e097ceb497e25947325,d99bc3566095bc6ee582,path:fa5e792520d4e060fd09,source_record:55f9eca0640826e24f9c,observation:5577ee9eb9f8775867ee,treatment_run:ef7359e4d147cbd8daf2,treatment_decision:e9e1e46e04b4e0b87c82,treatment_output:7c0e6ae3460bcd226630,d99bc3566095bc6ee582,current_available,yes,data/manifests/h7-b0-overwrite.json,3a58c69db80ff66d43f965b24ab770a7c03a99a554d2ac36d9b0e239e29c99ff,yes
treatment_path:cca9f89c8302c177da34,B0,7e097ceb497e25947325,e313de2e0e1a97bc17ff,path:b9661ac96456a9efd9ba,source_record:c5368ca23455a251f941,observation:f99fdeebfc608df3a8bb,treatment_run:ef7359e4d147cbd8daf2,treatment_decision:4d94c6598e04bfa70d82,treatment_output:7c0e6ae3460bcd226630,d99bc3566095bc6ee582,historical_overwritten,no,data/manifests/h7-b0-overwrite.json,3a58c69db80ff66d43f965b24ab770a7c03a99a554d2ac36d9b0e239e29c99ff,yes
treatment_path:e605ce636a2c48d1e6d0,B0,94651a48df17d3b56a1b,6fbf4aae1b9a6de0051a,path:1854639fe75807863181,source_record:010ca4a0b9492cf8f0be,observation:294d2d83bf86fa753446,treatment_run:ef7359e4d147cbd8daf2,treatment_decision:578b9ae365fa3ee4e1f3,treatment_output:4f0be064a82af45a9a81,b55b4fefc9148be667c1,historical_overwritten,no,data/manifests/h7-b0-overwrite.json,3a58c69db80ff66d43f965b24ab770a7c03a99a554d2ac36d9b0e239e29c99ff,yes
treatment_path:77b6f0c8dc56489c9837,B0,94651a48df17d3b56a1b,b55b4fefc9148be667c1,path:eceb7f883aff979fbc79,source_record:193147b5654f5049a70b,observation:c8636f1fbb21ce328ae5,treatment_run:ef7359e4d147cbd8daf2,treatment_decision:42ed1037c94137b84019,treatment_output:4f0be064a82af45a9a81,b55b4fefc9148be667c1,current_available,yes,data/manifests/h7-b0-overwrite.json,3a58c69db80ff66d43f965b24ab770a7c03a99a554d2ac36d9b0e239e29c99ff,yes
treatment_path:c85f6fe4be1cd78fc433,B0,94651a48df17d3b56a1b,cfe502c53f19a90449e6,path:a966e805dba2730a4361,source_record:0230a2ca03c36177ec6e,observation:b9d9aa4f2beeae259666,treatment_run:ef7359e4d147cbd8daf2,treatment_decision:345214c000d52f1ca630,treatment_output:4f0be064a82af45a9a81,b55b4fefc9148be667c1,historical_overwritten,no,data/manifests/h7-b0-overwrite.json,3a58c69db80ff66d43f965b24ab770a7c03a99a554d2ac36d9b0e239e29c99ff,yes
treatment_path:12cd480f57df19c2a2ae,B0,af12d1ae8c1555d899be,69a1ecde0bf18c3a84ae,path:d49a57b78cc6b9abfbda,source_record:192aacf02d8179c6f75a,observation:c0e44bfaff03fb3d0e85,treatment_run:ef7359e4d147cbd8daf2,treatment_decision:7eb5aa0a1c9985db3bae,treatment_output:452ae73d8fa913d02132,d3d17696ddd6a7bcb743,historical_overwritten,no,data/manifests/h7-b0-overwrite.json,3a58c69db80ff66d43f965b24ab770a7c03a99a554d2ac36d9b0e239e29c99ff,yes
treatment_path:273ebbaab6365b1e41b5,B0,af12d1ae8c1555d899be,a34fc65bf470c1e7ce20,path:5cfb507dee7be46c97f7,source_record:091fddff5547c21e53b2,observation:da340ced2539c49628bf,treatment_run:ef7359e4d147cbd8daf2,treatment_decision:4528f931b50456c66ede,treatment_output:452ae73d8fa913d02132,d3d17696ddd6a7bcb743,historical_overwritten,no,data/manifests/h7-b0-overwrite.json,3a58c69db80ff66d43f965b24ab770a7c03a99a554d2ac36d9b0e239e29c99ff,yes
treatment_path:6f707a624cfd6e25c269,B0,af12d1ae8c1555d899be,d3d17696ddd6a7bcb743,path:97d575c0b8aedf27b9c8,source_record:470895f1243b5ec9b3fc,observation:202f97684ab8629aa916,treatment_run:ef7359e4d147cbd8daf2,treatment_decision:28561b0a1878d7b8630d,treatment_output:452ae73d8fa913d02132,d3d17696ddd6a7bcb743,current_available,yes,data/manifests/h7-b0-overwrite.json,3a58c69db80ff66d43f965b24ab770a7c03a99a554d2ac36d9b0e239e29c99ff,yes
treatment_path:2b6aaf910f8efb6a80cb,B0,e33e2f8351747300cba7,27f750d142897641b3b1,path:f9d72b85568f2a848e1c,source_record:294fa03a900a59c6bcc9,observation:ea029425bb6e7db0f2d4,treatment_run:ef7359e4d147cbd8daf2,treatment_decision:f3555f20090ed7209e39,treatment_output:e96db0628793a76f6317,506a60e86fb32d9c608b,historical_overwritten,no,data/manifests/h7-b0-overwrite.json,3a58c69db80ff66d43f965b24ab770a7c03a99a554d2ac36d9b0e239e29c99ff,yes
treatment_path:05d62208f733d98a4b49,B0,e33e2f8351747300cba7,356dadeceba952eb2a0c,path:0afc3e5030134801aaf0,source_record:c2b5603f1388485b6d3e,observation:be61f5d1cfa355a917f0,treatment_run:ef7359e4d147cbd8daf2,treatment_decision:6930213d03643139cb4f,treatment_output:e96db0628793a76f6317,506a60e86fb32d9c608b,historical_overwritten,no,data/manifests/h7-b0-overwrite.json,3a58c69db80ff66d43f965b24ab770a7c03a99a554d2ac36d9b0e239e29c99ff,yes
treatment_path:e30af1868c54c958b248,B0,e33e2f8351747300cba7,506a60e86fb32d9c608b,path:cc183da10df50aea21cd,source_record:1822780c1a34fa87ecd7,observation:de0321deca75854654ba,treatment_run:ef7359e4d147cbd8daf2,treatment_decision:aa4980282d3bcdb13249,treatment_output:e96db0628793a76f6317,506a60e86fb32d9c608b,current_available,yes,data/manifests/h7-b0-overwrite.json,3a58c69db80ff66d43f965b24ab770a7c03a99a554d2ac36d9b0e239e29c99ff,yes
treatment_path:7b2e54d93b1c29078ea4,B0,e4982bb0d13ac08094aa,49b82f2b710bfb946f9f,path:322b033ed589deaf1c3d,source_record:423572d2616d043c15d1,observation:864f2c2d1b88e471e06c,treatment_run:ef7359e4d147cbd8daf2,treatment_decision:ae1fade8ed6c5938f499,treatment_output:b112b3995ea306e43f08,49b82f2b710bfb946f9f,current_available,yes,data/manifests/h7-b0-overwrite.json,3a58c69db80ff66d43f965b24ab770a7c03a99a554d2ac36d9b0e239e29c99ff,yes
treatment_path:6ccfbd4ac75cfc67d996,B0,e4982bb0d13ac08094aa,f2b9db071dd4766d6307,path:2b01f40134ef46caecb9,source_record:a98acfe4bec18f9a0390,observation:0970843830c2ae7c8503,treatment_run:ef7359e4d147cbd8daf2,treatment_decision:a484434b328c7b0665f7,treatment_output:b112b3995ea306e43f08,49b82f2b710bfb946f9f,historical_overwritten,no,data/manifests/h7-b0-overwrite.json,3a58c69db80ff66d43f965b24ab770a7c03a99a554d2ac36d9b0e239e29c99ff,yes
treatment_path:d71b597e7f833545297e,B0,e4982bb0d13ac08094aa,f4b6cbcb460eaef0f82e,path:b4be154954c60c0be6c2,source_record:875236bbef4d7952b885,observation:cc516c3714c088b54218,treatment_run:ef7359e4d147cbd8daf2,treatment_decision:64e4c12a09d2d7bd90b2,treatment_output:b112b3995ea306e43f08,49b82f2b710bfb946f9f,historical_overwritten,no,data/manifests/h7-b0-overwrite.json,3a58c69db80ff66d43f965b24ab770a7c03a99a554d2ac36d9b0e239e29c99ff,yes
treatment_path:a8592e76a08be6f77229,B2,05ae4dff5d60b5021813,ad8a7f5c7869af674e3a,path:757c700c17d517b3f7c3,source_record:71811020d9a92abf868d,observation:e4c9a85a54e3ad78e66c,treatment_run:e521039156fb73b71128,treatment_decision:84cbb32858b832c84f69,treatment_output:eae14ef263bc0a3ed9ca,ad8a7f5c7869af674e3a,selected_available,yes,data/manifests/h7b-b2-single-source.json,9f7330f0c0c80e3feefd308bd8642b6ee36ac2107c853e18b2374e379f57648f,yes
treatment_path:6866488c30eb88893867,B2,05ae4dff5d60b5021813,f831d08aa91c95864cd0,path:1e69049e8ab82ddb3293,source_record:bbde0e659e98bd2c6084,observation:1b7b7decaafba2e44741,treatment_run:e521039156fb73b71128,treatment_decision:c4f21a91862dd44daf60,treatment_output:eae14ef263bc0a3ed9ca,ad8a7f5c7869af674e3a,discarded_by_source_selection,no,data/manifests/h7b-b2-single-source.json,9f7330f0c0c80e3feefd308bd8642b6ee36ac2107c853e18b2374e379f57648f,yes
treatment_path:08923c513c789e4d6847,B2,1c03a76cb6a98f53235d,09bd4158de9b28a03d83,path:b98116cdfc3625b57334,source_record:621b059bcf550a1ead3a,observation:3f64e0aa5f69399e8a04,treatment_run:e521039156fb73b71128,treatment_decision:66faf76902b33b10aa76,treatment_output:33f3dbad646d3ec19143,5fab5a82719cacffcbe4,discarded_by_source_selection,no,data/manifests/h7b-b2-single-source.json,9f7330f0c0c80e3feefd308bd8642b6ee36ac2107c853e18b2374e379f57648f,yes
treatment_path:a9dc7380d5b598d5f59d,B2,1c03a76cb6a98f53235d,5fab5a82719cacffcbe4,path:9cfd576ba6467c314ac3,source_record:a2585ae02f3eb15eab0e,observation:04df2a67b487f338de1b,treatment_run:e521039156fb73b71128,treatment_decision:44e85d3e18527505e98a,treatment_output:33f3dbad646d3ec19143,5fab5a82719cacffcbe4,selected_available,yes,data/manifests/h7b-b2-single-source.json,9f7330f0c0c80e3feefd308bd8642b6ee36ac2107c853e18b2374e379f57648f,yes
treatment_path:8d814eacc81f2a8a0aec,B2,1c03a76cb6a98f53235d,9fcd6d7d4f2e24e56db1,path:0f4459bbf2991e7490f0,source_record:16473e53e748c08ec754,observation:667f983b01d3cdf7458e,treatment_run:e521039156fb73b71128,treatment_decision:8308c3c3f060c8b25564,treatment_output:33f3dbad646d3ec19143,5fab5a82719cacffcbe4,discarded_by_source_selection,no,data/manifests/h7b-b2-single-source.json,9f7330f0c0c80e3feefd308bd8642b6ee36ac2107c853e18b2374e379f57648f,yes
treatment_path:7c2793bb84b79bbd9652,B2,3087bf08970908c509ca,1721995859418ecf608c,path:62b34012c87ba9a4340f,source_record:3edd79e5e5b56f709897,observation:c8d559d64c4d785c41a3,treatment_run:e521039156fb73b71128,treatment_decision:1c37bb7db78dd523efc8,treatment_output:42784905be0ef14a4822,1721995859418ecf608c,selected_available,yes,data/manifests/h7b-b2-single-source.json,9f7330f0c0c80e3feefd308bd8642b6ee36ac2107c853e18b2374e379f57648f,yes
treatment_path:d6fafc41856b0fceb4d1,B2,3087bf08970908c509ca,72e8553f361951a0c2c8,path:80b166643382e0ef0e65,source_record:c9024fe3b36dd1151ec1,observation:a7e8ddddcfeb654133b3,treatment_run:e521039156fb73b71128,treatment_decision:a6c6d5f8faaf44e4fb40,treatment_output:42784905be0ef14a4822,1721995859418ecf608c,discarded_by_source_selection,no,data/manifests/h7b-b2-single-source.json,9f7330f0c0c80e3feefd308bd8642b6ee36ac2107c853e18b2374e379f57648f,yes
treatment_path:36930f777c881f113e80,B2,3087bf08970908c509ca,df8ae4a2843995c9185d,path:ab93a5e3fc9a10c663fc,source_record:f6a04a1c01641dfdfadc,observation:96242f6669896b9035de,treatment_run:e521039156fb73b71128,treatment_decision:c2ceeff98ed5980e40d3,treatment_output:42784905be0ef14a4822,1721995859418ecf608c,discarded_by_source_selection,no,data/manifests/h7b-b2-single-source.json,9f7330f0c0c80e3feefd308bd8642b6ee36ac2107c853e18b2374e379f57648f,yes
treatment_path:7b97f46fc4bb5a381b11,B2,425bfdd5ca02ab3e3cc1,69745dd19d776c69570e,path:2ac84c6536afc316c225,source_record:87c903ae7b46a49c415f,observation:e19175cc2d07bb652fd5,treatment_run:e521039156fb73b71128,treatment_decision:ba4d2a0323532ef5eefc,treatment_output:5fb72e44f9c935bd58f3,69745dd19d776c69570e,selected_available,yes,data/manifests/h7b-b2-single-source.json,9f7330f0c0c80e3feefd308bd8642b6ee36ac2107c853e18b2374e379f57648f,yes
treatment_path:9b76fed529b6f489be77,B2,425bfdd5ca02ab3e3cc1,6ad6dfc4b05d0f292d1f,path:48ecac1095ede20645a5,source_record:7e35d4e934c4fa296c7d,observation:389c8092fc51c52bc4eb,treatment_run:e521039156fb73b71128,treatment_decision:2bf4efe84e17d15d5a52,treatment_output:5fb72e44f9c935bd58f3,69745dd19d776c69570e,discarded_by_source_selection,no,data/manifests/h7b-b2-single-source.json,9f7330f0c0c80e3feefd308bd8642b6ee36ac2107c853e18b2374e379f57648f,yes
treatment_path:444e4e4f1f090ebd0130,B2,425bfdd5ca02ab3e3cc1,87cdfc70ee6d45666fec,path:3a7cea85e37e471d8faa,source_record:9d014b544d90b04f050e,observation:fd786e62692104822637,treatment_run:e521039156fb73b71128,treatment_decision:194200d871c8425ce37a,treatment_output:5fb72e44f9c935bd58f3,69745dd19d776c69570e,discarded_by_source_selection,no,data/manifests/h7b-b2-single-source.json,9f7330f0c0c80e3feefd308bd8642b6ee36ac2107c853e18b2374e379f57648f,yes
treatment_path:ea7fede3180155c96322,B2,4aab4307f4906503d2a4,a16c09b869c2ad72a4ea,path:b8bc76cfb7e9c8cf1e7d,source_record:26de36e57a1c215a6f55,observation:31d333568319d88d97b2,treatment_run:e521039156fb73b71128,treatment_decision:f23f0bd59f8981005867,treatment_output:aa886d476fcda30c743c,bc696217068415ca73e2,discarded_by_source_selection,no,data/manifests/h7b-b2-single-source.json,9f7330f0c0c80e3feefd308bd8642b6ee36ac2107c853e18b2374e379f57648f,yes
treatment_path:bca5cfd87ed11f95151f,B2,4aab4307f4906503d2a4,bc696217068415ca73e2,path:d90dfe4a0892ed071720,source_record:609ed81aeb94651f9f28,observation:faa7a4c88494a64e5e39,treatment_run:e521039156fb73b71128,treatment_decision:ebc36619fb9371ccdb2d,treatment_output:aa886d476fcda30c743c,bc696217068415ca73e2,selected_available,yes,data/manifests/h7b-b2-single-source.json,9f7330f0c0c80e3feefd308bd8642b6ee36ac2107c853e18b2374e379f57648f,yes
treatment_path:43772b4fe23577c19479,B2,4aab4307f4906503d2a4,e06e475e6f5cb8748897,path:8dfd2bbf25d027333a9d,source_record:582a11702e2e666dfc87,observation:4d4d1e51259f85b21f1d,treatment_run:e521039156fb73b71128,treatment_decision:f602fdf9ed7c4d21a015,treatment_output:aa886d476fcda30c743c,bc696217068415ca73e2,discarded_by_source_selection,no,data/manifests/h7b-b2-single-source.json,9f7330f0c0c80e3feefd308bd8642b6ee36ac2107c853e18b2374e379f57648f,yes
treatment_path:94363a701122a8bc9901,B2,53b2a1ef09a68d6c5173,211b04665de26cd11d77,path:bb4132599b10a4c786e9,source_record:4ed2457911a60c3d488b,observation:8723d68bb99c76a272c0,treatment_run:e521039156fb73b71128,treatment_decision:6f97d759c0fb908abffb,treatment_output:1c8aa4de2addbacb0dd5,74fed6e1c3d917191be6,discarded_by_source_selection,no,data/manifests/h7b-b2-single-source.json,9f7330f0c0c80e3feefd308bd8642b6ee36ac2107c853e18b2374e379f57648f,yes
treatment_path:5c5d6e7668ccd63693ed,B2,53b2a1ef09a68d6c5173,74fed6e1c3d917191be6,path:021aaa0e50db5b3937c5,source_record:061aced56e5316f767e3,observation:e36405cf00bd435e3d3d,treatment_run:e521039156fb73b71128,treatment_decision:371b782e4e8e98bd1010,treatment_output:1c8aa4de2addbacb0dd5,74fed6e1c3d917191be6,selected_available,yes,data/manifests/h7b-b2-single-source.json,9f7330f0c0c80e3feefd308bd8642b6ee36ac2107c853e18b2374e379f57648f,yes
treatment_path:dc8a0f338aa5b37c933f,B2,5b5eeef107bb6f124496,05a8528c88245297d4ba,path:61a65539dd7fd15cc1b6,source_record:07204f7959a158920906,observation:5f781c26691e4c1d4e63,treatment_run:e521039156fb73b71128,treatment_decision:64a25d13c4c58b4ab807,treatment_output:c576ab8d524dc574c195,edde0b27f2f31f5fb962,discarded_by_source_selection,no,data/manifests/h7b-b2-single-source.json,9f7330f0c0c80e3feefd308bd8642b6ee36ac2107c853e18b2374e379f57648f,yes
treatment_path:0c4772ef93f8cd5d7f28,B2,5b5eeef107bb6f124496,edde0b27f2f31f5fb962,path:e852ffb2dcb8b95c866a,source_record:0ee5489cd01f22e5a51c,observation:1ecfe2896341b81743b9,treatment_run:e521039156fb73b71128,treatment_decision:082f5ca9b674ca745934,treatment_output:c576ab8d524dc574c195,edde0b27f2f31f5fb962,selected_available,yes,data/manifests/h7b-b2-single-source.json,9f7330f0c0c80e3feefd308bd8642b6ee36ac2107c853e18b2374e379f57648f,yes
treatment_path:6fa068e9e9b4017bbcdf,B2,71a013b45f47a8aefa7d,2766cbe2cf960f73ba05,path:24ed4b6b702e502e42e6,source_record:69c44ea8114c54419750,observation:3b44dd267dadc5b9eb40,treatment_run:e521039156fb73b71128,treatment_decision:e4ca9bee15dc3066aedf,treatment_output:a535f3e48f54da072b20,deabb3549fa520121850,discarded_by_source_selection,no,data/manifests/h7b-b2-single-source.json,9f7330f0c0c80e3feefd308bd8642b6ee36ac2107c853e18b2374e379f57648f,yes
treatment_path:c35422a4bf8b621c4b4f,B2,71a013b45f47a8aefa7d,4af2e0e7825c9f2ac443,path:c432cf9d5f8eb992f618,source_record:d3ee5d39849b0096d5ce,observation:6e3265bf4a2eadf39698,treatment_run:e521039156fb73b71128,treatment_decision:07b069e313d324126fc3,treatment_output:a535f3e48f54da072b20,deabb3549fa520121850,discarded_by_source_selection,no,data/manifests/h7b-b2-single-source.json,9f7330f0c0c80e3feefd308bd8642b6ee36ac2107c853e18b2374e379f57648f,yes
treatment_path:b62dcfff2fd8df3b850b,B2,71a013b45f47a8aefa7d,deabb3549fa520121850,path:88ea43a39fb332364087,source_record:1aa22f2b385a01569fc4,observation:3b1d7e44c2f83aa6fe02,treatment_run:e521039156fb73b71128,treatment_decision:b49c24396a857374b3a1,treatment_output:a535f3e48f54da072b20,deabb3549fa520121850,selected_available,yes,data/manifests/h7b-b2-single-source.json,9f7330f0c0c80e3feefd308bd8642b6ee36ac2107c853e18b2374e379f57648f,yes
treatment_path:07a50e8429be343dfc0e,B2,7c1c5248808f73b2f3a6,463dda3fe5140e2fbed2,path:b2e639819b1544aa2d08,source_record:e6e65cbbb0692b29878a,observation:4451fa83b206a52cd53e,treatment_run:e521039156fb73b71128,treatment_decision:7d018acbe51aa6194ae5,treatment_output:86ad6b8988d59c1d6090,463dda3fe5140e2fbed2,selected_available,yes,data/manifests/h7b-b2-single-source.json,9f7330f0c0c80e3feefd308bd8642b6ee36ac2107c853e18b2374e379f57648f,yes
treatment_path:f838141955f5cd284836,B2,7c1c5248808f73b2f3a6,9fe0a3bb2baed4ce3810,path:84377c0849e94350fa01,source_record:271cc1d0fc53de1a353a,observation:885040ab6fb9ac0096b2,treatment_run:e521039156fb73b71128,treatment_decision:470dd4633fb0dfa7fe65,treatment_output:86ad6b8988d59c1d6090,463dda3fe5140e2fbed2,discarded_by_source_selection,no,data/manifests/h7b-b2-single-source.json,9f7330f0c0c80e3feefd308bd8642b6ee36ac2107c853e18b2374e379f57648f,yes
treatment_path:a55d26d86fe9fb5d9fba,B2,7c1c5248808f73b2f3a6,cb0d5147421c66597d95,path:158d046767399e2f4f05,source_record:d51908b14d4f43919f94,observation:3a58dba97aae26b9300b,treatment_run:e521039156fb73b71128,treatment_decision:b989fabf222020a2dabe,treatment_output:86ad6b8988d59c1d6090,463dda3fe5140e2fbed2,discarded_by_source_selection,no,data/manifests/h7b-b2-single-source.json,9f7330f0c0c80e3feefd308bd8642b6ee36ac2107c853e18b2374e379f57648f,yes
treatment_path:2356e12ce24d1478b42d,B2,7e097ceb497e25947325,d99bc3566095bc6ee582,path:fa5e792520d4e060fd09,source_record:55f9eca0640826e24f9c,observation:5577ee9eb9f8775867ee,treatment_run:e521039156fb73b71128,treatment_decision:3351d3137ad2e1663462,treatment_output:35a8447dfb94ea08c80b,d99bc3566095bc6ee582,selected_available,yes,data/manifests/h7b-b2-single-source.json,9f7330f0c0c80e3feefd308bd8642b6ee36ac2107c853e18b2374e379f57648f,yes
treatment_path:3b254bcdad3cc6545432,B2,7e097ceb497e25947325,e313de2e0e1a97bc17ff,path:b9661ac96456a9efd9ba,source_record:c5368ca23455a251f941,observation:f99fdeebfc608df3a8bb,treatment_run:e521039156fb73b71128,treatment_decision:6d3a527487656d9bbe68,treatment_output:35a8447dfb94ea08c80b,d99bc3566095bc6ee582,discarded_by_source_selection,no,data/manifests/h7b-b2-single-source.json,9f7330f0c0c80e3feefd308bd8642b6ee36ac2107c853e18b2374e379f57648f,yes
treatment_path:05dd7d5fc8d10537b8da,B2,94651a48df17d3b56a1b,6fbf4aae1b9a6de0051a,path:1854639fe75807863181,source_record:010ca4a0b9492cf8f0be,observation:294d2d83bf86fa753446,treatment_run:e521039156fb73b71128,treatment_decision:ecb545a1085647c5d652,treatment_output:39e6cbdec8437f8a621a,cfe502c53f19a90449e6,discarded_by_source_selection,no,data/manifests/h7b-b2-single-source.json,9f7330f0c0c80e3feefd308bd8642b6ee36ac2107c853e18b2374e379f57648f,yes
treatment_path:6b14b18cd3cf112a8a80,B2,94651a48df17d3b56a1b,b55b4fefc9148be667c1,path:eceb7f883aff979fbc79,source_record:193147b5654f5049a70b,observation:c8636f1fbb21ce328ae5,treatment_run:e521039156fb73b71128,treatment_decision:54c37b211f186cf37d22,treatment_output:39e6cbdec8437f8a621a,cfe502c53f19a90449e6,discarded_by_source_selection,no,data/manifests/h7b-b2-single-source.json,9f7330f0c0c80e3feefd308bd8642b6ee36ac2107c853e18b2374e379f57648f,yes
treatment_path:cbaa44f2f9fc502a17e9,B2,94651a48df17d3b56a1b,cfe502c53f19a90449e6,path:a966e805dba2730a4361,source_record:0230a2ca03c36177ec6e,observation:b9d9aa4f2beeae259666,treatment_run:e521039156fb73b71128,treatment_decision:19342cef837b47f9f2ea,treatment_output:39e6cbdec8437f8a621a,cfe502c53f19a90449e6,selected_available,yes,data/manifests/h7b-b2-single-source.json,9f7330f0c0c80e3feefd308bd8642b6ee36ac2107c853e18b2374e379f57648f,yes
treatment_path:a3e655185b47e59c3fb8,B2,af12d1ae8c1555d899be,69a1ecde0bf18c3a84ae,path:d49a57b78cc6b9abfbda,source_record:192aacf02d8179c6f75a,observation:c0e44bfaff03fb3d0e85,treatment_run:e521039156fb73b71128,treatment_decision:0a9128e5315b05c412f3,treatment_output:05e99fdeb0f99c33d1b0,69a1ecde0bf18c3a84ae,selected_available,yes,data/manifests/h7b-b2-single-source.json,9f7330f0c0c80e3feefd308bd8642b6ee36ac2107c853e18b2374e379f57648f,yes
treatment_path:30a6c0d41ea2175629c9,B2,af12d1ae8c1555d899be,a34fc65bf470c1e7ce20,path:5cfb507dee7be46c97f7,source_record:091fddff5547c21e53b2,observation:da340ced2539c49628bf,treatment_run:e521039156fb73b71128,treatment_decision:8767414d773196b79c6f,treatment_output:05e99fdeb0f99c33d1b0,69a1ecde0bf18c3a84ae,discarded_by_source_selection,no,data/manifests/h7b-b2-single-source.json,9f7330f0c0c80e3feefd308bd8642b6ee36ac2107c853e18b2374e379f57648f,yes
treatment_path:0e0dcb9bee194609f470,B2,af12d1ae8c1555d899be,d3d17696ddd6a7bcb743,path:97d575c0b8aedf27b9c8,source_record:470895f1243b5ec9b3fc,observation:202f97684ab8629aa916,treatment_run:e521039156fb73b71128,treatment_decision:e7542895b383f1cf957a,treatment_output:05e99fdeb0f99c33d1b0,69a1ecde0bf18c3a84ae,discarded_by_source_selection,no,data/manifests/h7b-b2-single-source.json,9f7330f0c0c80e3feefd308bd8642b6ee36ac2107c853e18b2374e379f57648f,yes
treatment_path:dd7cc7edabc29eb783e8,B2,e33e2f8351747300cba7,27f750d142897641b3b1,path:f9d72b85568f2a848e1c,source_record:294fa03a900a59c6bcc9,observation:ea029425bb6e7db0f2d4,treatment_run:e521039156fb73b71128,treatment_decision:86c711486628ab7c2376,treatment_output:14f78b9495df634c3d3b,356dadeceba952eb2a0c,discarded_by_source_selection,no,data/manifests/h7b-b2-single-source.json,9f7330f0c0c80e3feefd308bd8642b6ee36ac2107c853e18b2374e379f57648f,yes
treatment_path:fb28be33740c6971c8ab,B2,e33e2f8351747300cba7,356dadeceba952eb2a0c,path:0afc3e5030134801aaf0,source_record:c2b5603f1388485b6d3e,observation:be61f5d1cfa355a917f0,treatment_run:e521039156fb73b71128,treatment_decision:e922bc7a80c337ac72a8,treatment_output:14f78b9495df634c3d3b,356dadeceba952eb2a0c,selected_available,yes,data/manifests/h7b-b2-single-source.json,9f7330f0c0c80e3feefd308bd8642b6ee36ac2107c853e18b2374e379f57648f,yes
treatment_path:9ee6ac464f00521776a9,B2,e33e2f8351747300cba7,506a60e86fb32d9c608b,path:cc183da10df50aea21cd,source_record:1822780c1a34fa87ecd7,observation:de0321deca75854654ba,treatment_run:e521039156fb73b71128,treatment_decision:c205c83bfd196b596a51,treatment_output:14f78b9495df634c3d3b,356dadeceba952eb2a0c,discarded_by_source_selection,no,data/manifests/h7b-b2-single-source.json,9f7330f0c0c80e3feefd308bd8642b6ee36ac2107c853e18b2374e379f57648f,yes
treatment_path:fb6d8c989893b44887e3,B2,e4982bb0d13ac08094aa,49b82f2b710bfb946f9f,path:322b033ed589deaf1c3d,source_record:423572d2616d043c15d1,observation:864f2c2d1b88e471e06c,treatment_run:e521039156fb73b71128,treatment_decision:50582d3656d43e23a4ce,treatment_output:95f1e10e3b52b5461f34,f2b9db071dd4766d6307,discarded_by_source_selection,no,data/manifests/h7b-b2-single-source.json,9f7330f0c0c80e3feefd308bd8642b6ee36ac2107c853e18b2374e379f57648f,yes
treatment_path:778144aeb1fedcf61f30,B2,e4982bb0d13ac08094aa,f2b9db071dd4766d6307,path:2b01f40134ef46caecb9,source_record:a98acfe4bec18f9a0390,observation:0970843830c2ae7c8503,treatment_run:e521039156fb73b71128,treatment_decision:ce77a6cdda37e2bcd056,treatment_output:95f1e10e3b52b5461f34,f2b9db071dd4766d6307,selected_available,yes,data/manifests/h7b-b2-single-source.json,9f7330f0c0c80e3feefd308bd8642b6ee36ac2107c853e18b2374e379f57648f,yes
treatment_path:c1ad894b4326c43bec2e,B2,e4982bb0d13ac08094aa,f4b6cbcb460eaef0f82e,path:b4be154954c60c0be6c2,source_record:875236bbef4d7952b885,observation:cc516c3714c088b54218,treatment_run:e521039156fb73b71128,treatment_decision:71a95c8bc9f17f2ac4b9,treatment_output:95f1e10e3b52b5461f34,f2b9db071dd4766d6307,discarded_by_source_selection,no,data/manifests/h7b-b2-single-source.json,9f7330f0c0c80e3feefd308bd8642b6ee36ac2107c853e18b2374e379f57648f,yes
