closure_id,treatment_id,audit_request_id,requested_observation_id,source_lineage_path_id,source_record_node_id,observation_node_id,treatment_run_node_id,treatment_decision_node_id,treatment_output_node_id,snapshot_state_node_ids,arrival_batch_node_id,arrival_recompute_edge_id,reproducibility_metric_node_id,evidence_table_node_id,figure_input_node_id,audit_procedure_node_id,complete
closure:4e58f4b4d8c3f0a390a0,B0,audit:7e79780442eeaffb87fe,05a8528c88245297d4ba,path:61a65539dd7fd15cc1b6,source_record:07204f7959a158920906,observation:5f781c26691e4c1d4e63,treatment_run:ef7359e4d147cbd8daf2,treatment_decision:521d48c5bcc94247c67b,treatment_output:4e88d5c3b721496dd778,,,,reproducibility_metric:220ce98bc0bcbbc10455,evidence_table:116f7e13ab43d2b28ce2,figure_input:3838931ddea242d97d4a,audit_procedure:58277c4184398221c534,yes
closure:31ab536f8efeb1990708,B0,audit:d4d4e64a3e3bf8c77fba,09bd4158de9b28a03d83,path:b98116cdfc3625b57334,source_record:621b059bcf550a1ead3a,observation:3f64e0aa5f69399e8a04,treatment_run:ef7359e4d147cbd8daf2,treatment_decision:51e4a3353b3340e49584,treatment_output:988e610dfb898a7d1f5a,,,,reproducibility_metric:220ce98bc0bcbbc10455,evidence_table:116f7e13ab43d2b28ce2,figure_input:3838931ddea242d97d4a,audit_procedure:58277c4184398221c534,yes
closure:59bce5b5d065afe6b651,B0,audit:01215416fdbacf66c627,1721995859418ecf608c,path:62b34012c87ba9a4340f,source_record:3edd79e5e5b56f709897,observation:c8d559d64c4d785c41a3,treatment_run:ef7359e4d147cbd8daf2,treatment_decision:e32eb47856f958bf1744,treatment_output:731969672c59f2871e76,,,,reproducibility_metric:220ce98bc0bcbbc10455,evidence_table:116f7e13ab43d2b28ce2,figure_input:3838931ddea242d97d4a,audit_procedure:58277c4184398221c534,yes
closure:93b812c03afcc5316709,B0,audit:91183cb952f48c2f0082,211b04665de26cd11d77,path:bb4132599b10a4c786e9,source_record:4ed2457911a60c3d488b,observation:8723d68bb99c76a272c0,treatment_run:ef7359e4d147cbd8daf2,treatment_decision:0abd4a86810b0413b3d9,treatment_output:234f15398f84db5e04ef,,,,reproducibility_metric:220ce98bc0bcbbc10455,evidence_table:116f7e13ab43d2b28ce2,figure_input:3838931ddea242d97d4a,audit_procedure:58277c4184398221c534,yes
closure:b0d925596e8ee17d6acb,B0,audit:fb5db447bda22d037917,2766cbe2cf960f73ba05,path:24ed4b6b702e502e42e6,source_record:69c44ea8114c54419750,observation:3b44dd267dadc5b9eb40,treatment_run:ef7359e4d147cbd8daf2,treatment_decision:74ac980251856f1cc7c8,treatment_output:20a795746ad404126b29,,,,reproducibility_metric:220ce98bc0bcbbc10455,evidence_table:116f7e13ab43d2b28ce2,figure_input:3838931ddea242d97d4a,audit_procedure:58277c4184398221c534,yes
closure:37229b2f42b6b2b0f615,B0,audit:2b6aaf910f8efb6a80cb,27f750d142897641b3b1,path:f9d72b85568f2a848e1c,source_record:294fa03a900a59c6bcc9,observation:ea029425bb6e7db0f2d4,treatment_run:ef7359e4d147cbd8daf2,treatment_decision:f3555f20090ed7209e39,treatment_output:e96db0628793a76f6317,,,,reproducibility_metric:220ce98bc0bcbbc10455,evidence_table:116f7e13ab43d2b28ce2,figure_input:3838931ddea242d97d4a,audit_procedure:58277c4184398221c534,yes
closure:1cd030efebe745039b10,B0,audit:05d62208f733d98a4b49,356dadeceba952eb2a0c,path:0afc3e5030134801aaf0,source_record:c2b5603f1388485b6d3e,observation:be61f5d1cfa355a917f0,treatment_run:ef7359e4d147cbd8daf2,treatment_decision:6930213d03643139cb4f,treatment_output:e96db0628793a76f6317,,,,reproducibility_metric:220ce98bc0bcbbc10455,evidence_table:116f7e13ab43d2b28ce2,figure_input:3838931ddea242d97d4a,audit_procedure:58277c4184398221c534,yes
closure:5310b5b4c609239eaee6,B0,audit:9c74d29ea8a515bd4340,463dda3fe5140e2fbed2,path:b2e639819b1544aa2d08,source_record:e6e65cbbb0692b29878a,observation:4451fa83b206a52cd53e,treatment_run:ef7359e4d147cbd8daf2,treatment_decision:501ef06bfa9901cc32a8,treatment_output:130f540cad1892fe9816,,,,reproducibility_metric:220ce98bc0bcbbc10455,evidence_table:116f7e13ab43d2b28ce2,figure_input:3838931ddea242d97d4a,audit_procedure:58277c4184398221c534,yes
closure:5739cc2147a213e7d2ce,B0,audit:7b2e54d93b1c29078ea4,49b82f2b710bfb946f9f,path:322b033ed589deaf1c3d,source_record:423572d2616d043c15d1,observation:864f2c2d1b88e471e06c,treatment_run:ef7359e4d147cbd8daf2,treatment_decision:ae1fade8ed6c5938f499,treatment_output:b112b3995ea306e43f08,,,,reproducibility_metric:220ce98bc0bcbbc10455,evidence_table:116f7e13ab43d2b28ce2,figure_input:3838931ddea242d97d4a,audit_procedure:58277c4184398221c534,yes
closure:c5d2202ea691297ea38c,B0,audit:c148d1af9f25b2b4c817,4af2e0e7825c9f2ac443,path:c432cf9d5f8eb992f618,source_record:d3ee5d39849b0096d5ce,observation:6e3265bf4a2eadf39698,treatment_run:ef7359e4d147cbd8daf2,treatment_decision:e456f220c0c8c9eee183,treatment_output:20a795746ad404126b29,,,,reproducibility_metric:220ce98bc0bcbbc10455,evidence_table:116f7e13ab43d2b28ce2,figure_input:3838931ddea242d97d4a,audit_procedure:58277c4184398221c534,yes
closure:69b0d83490b60b2b04d5,B0,audit:e30af1868c54c958b248,506a60e86fb32d9c608b,path:cc183da10df50aea21cd,source_record:1822780c1a34fa87ecd7,observation:de0321deca75854654ba,treatment_run:ef7359e4d147cbd8daf2,treatment_decision:aa4980282d3bcdb13249,treatment_output:e96db0628793a76f6317,,,,reproducibility_metric:220ce98bc0bcbbc10455,evidence_table:116f7e13ab43d2b28ce2,figure_input:3838931ddea242d97d4a,audit_procedure:58277c4184398221c534,yes
closure:ab7c6a2ec2fdc296eab5,B0,audit:19e97d71e83a60be9a99,5fab5a82719cacffcbe4,path:9cfd576ba6467c314ac3,source_record:a2585ae02f3eb15eab0e,observation:04df2a67b487f338de1b,treatment_run:ef7359e4d147cbd8daf2,treatment_decision:b4cc3058de5b03e4acce,treatment_output:988e610dfb898a7d1f5a,,,,reproducibility_metric:220ce98bc0bcbbc10455,evidence_table:116f7e13ab43d2b28ce2,figure_input:3838931ddea242d97d4a,audit_procedure:58277c4184398221c534,yes
closure:12e116478bde0e1c096a,B0,audit:6e87c191b494def1cdb8,69745dd19d776c69570e,path:2ac84c6536afc316c225,source_record:87c903ae7b46a49c415f,observation:e19175cc2d07bb652fd5,treatment_run:ef7359e4d147cbd8daf2,treatment_decision:45c9c4f407fa3c5bda70,treatment_output:9c7aa8f45edf2e5043da,,,,reproducibility_metric:220ce98bc0bcbbc10455,evidence_table:116f7e13ab43d2b28ce2,figure_input:3838931ddea242d97d4a,audit_procedure:58277c4184398221c534,yes
closure:0357111fb69bd32ea8b6,B0,audit:12cd480f57df19c2a2ae,69a1ecde0bf18c3a84ae,path:d49a57b78cc6b9abfbda,source_record:192aacf02d8179c6f75a,observation:c0e44bfaff03fb3d0e85,treatment_run:ef7359e4d147cbd8daf2,treatment_decision:7eb5aa0a1c9985db3bae,treatment_output:452ae73d8fa913d02132,,,,reproducibility_metric:220ce98bc0bcbbc10455,evidence_table:116f7e13ab43d2b28ce2,figure_input:3838931ddea242d97d4a,audit_procedure:58277c4184398221c534,yes
closure:23822584f814167df7aa,B0,audit:7dd1ba43ad88f2bbc7c3,6ad6dfc4b05d0f292d1f,path:48ecac1095ede20645a5,source_record:7e35d4e934c4fa296c7d,observation:389c8092fc51c52bc4eb,treatment_run:ef7359e4d147cbd8daf2,treatment_decision:10ccf15de43bd6cc1f66,treatment_output:9c7aa8f45edf2e5043da,,,,reproducibility_metric:220ce98bc0bcbbc10455,evidence_table:116f7e13ab43d2b28ce2,figure_input:3838931ddea242d97d4a,audit_procedure:58277c4184398221c534,yes
closure:21f194cc02d923702279,B0,audit:e605ce636a2c48d1e6d0,6fbf4aae1b9a6de0051a,path:1854639fe75807863181,source_record:010ca4a0b9492cf8f0be,observation:294d2d83bf86fa753446,treatment_run:ef7359e4d147cbd8daf2,treatment_decision:578b9ae365fa3ee4e1f3,treatment_output:4f0be064a82af45a9a81,,,,reproducibility_metric:220ce98bc0bcbbc10455,evidence_table:116f7e13ab43d2b28ce2,figure_input:3838931ddea242d97d4a,audit_procedure:58277c4184398221c534,yes
closure:cf0111935edbe81ce6ed,B0,audit:e11de7731502eb0c9a24,72e8553f361951a0c2c8,path:80b166643382e0ef0e65,source_record:c9024fe3b36dd1151ec1,observation:a7e8ddddcfeb654133b3,treatment_run:ef7359e4d147cbd8daf2,treatment_decision:5845e2ce8feda0a2471b,treatment_output:731969672c59f2871e76,,,,reproducibility_metric:220ce98bc0bcbbc10455,evidence_table:116f7e13ab43d2b28ce2,figure_input:3838931ddea242d97d4a,audit_procedure:58277c4184398221c534,yes
closure:a169b256abb9a71bce58,B0,audit:2f7f3ad5db9e0393d95b,74fed6e1c3d917191be6,path:021aaa0e50db5b3937c5,source_record:061aced56e5316f767e3,observation:e36405cf00bd435e3d3d,treatment_run:ef7359e4d147cbd8daf2,treatment_decision:fa01589df546f2ac10bc,treatment_output:234f15398f84db5e04ef,,,,reproducibility_metric:220ce98bc0bcbbc10455,evidence_table:116f7e13ab43d2b28ce2,figure_input:3838931ddea242d97d4a,audit_procedure:58277c4184398221c534,yes
closure:7129807d33e9db1a75ac,B0,audit:b8c2a0ce784cbeccd0ab,87cdfc70ee6d45666fec,path:3a7cea85e37e471d8faa,source_record:9d014b544d90b04f050e,observation:fd786e62692104822637,treatment_run:ef7359e4d147cbd8daf2,treatment_decision:509cb54e0571af9e1f50,treatment_output:9c7aa8f45edf2e5043da,,,,reproducibility_metric:220ce98bc0bcbbc10455,evidence_table:116f7e13ab43d2b28ce2,figure_input:3838931ddea242d97d4a,audit_procedure:58277c4184398221c534,yes
closure:8e7058f12270fc5011d4,B0,audit:1f96bbbf8525213edf6c,9fcd6d7d4f2e24e56db1,path:0f4459bbf2991e7490f0,source_record:16473e53e748c08ec754,observation:667f983b01d3cdf7458e,treatment_run:ef7359e4d147cbd8daf2,treatment_decision:7afe198206a88203597a,treatment_output:988e610dfb898a7d1f5a,,,,reproducibility_metric:220ce98bc0bcbbc10455,evidence_table:116f7e13ab43d2b28ce2,figure_input:3838931ddea242d97d4a,audit_procedure:58277c4184398221c534,yes
closure:c87e57800bd725335cbf,B0,audit:40f86493f80c97a46b7b,9fe0a3bb2baed4ce3810,path:84377c0849e94350fa01,source_record:271cc1d0fc53de1a353a,observation:885040ab6fb9ac0096b2,treatment_run:ef7359e4d147cbd8daf2,treatment_decision:3497f7cefa9fb8da56dc,treatment_output:130f540cad1892fe9816,,,,reproducibility_metric:220ce98bc0bcbbc10455,evidence_table:116f7e13ab43d2b28ce2,figure_input:3838931ddea242d97d4a,audit_procedure:58277c4184398221c534,yes
closure:c12cde756fc3de0977e7,B0,audit:6afd1f340218a8fadf2a,a16c09b869c2ad72a4ea,path:b8bc76cfb7e9c8cf1e7d,source_record:26de36e57a1c215a6f55,observation:31d333568319d88d97b2,treatment_run:ef7359e4d147cbd8daf2,treatment_decision:5b2bbe6c544f7987b94c,treatment_output:c9e3b820d99df8cfd24a,,,,reproducibility_metric:220ce98bc0bcbbc10455,evidence_table:116f7e13ab43d2b28ce2,figure_input:3838931ddea242d97d4a,audit_procedure:58277c4184398221c534,yes
closure:2f4e562ae0c3136b5880,B0,audit:273ebbaab6365b1e41b5,a34fc65bf470c1e7ce20,path:5cfb507dee7be46c97f7,source_record:091fddff5547c21e53b2,observation:da340ced2539c49628bf,treatment_run:ef7359e4d147cbd8daf2,treatment_decision:4528f931b50456c66ede,treatment_output:452ae73d8fa913d02132,,,,reproducibility_metric:220ce98bc0bcbbc10455,evidence_table:116f7e13ab43d2b28ce2,figure_input:3838931ddea242d97d4a,audit_procedure:58277c4184398221c534,yes
closure:d9b865e6830ba41801ef,B0,audit:7a0b8df385da4e3812b6,ad8a7f5c7869af674e3a,path:757c700c17d517b3f7c3,source_record:71811020d9a92abf868d,observation:e4c9a85a54e3ad78e66c,treatment_run:ef7359e4d147cbd8daf2,treatment_decision:bd6820f4625f446558d7,treatment_output:4372d54e81fafb2c0f84,,,,reproducibility_metric:220ce98bc0bcbbc10455,evidence_table:116f7e13ab43d2b28ce2,figure_input:3838931ddea242d97d4a,audit_procedure:58277c4184398221c534,yes
closure:ce968f2ad9f19875bb1b,B0,audit:77b6f0c8dc56489c9837,b55b4fefc9148be667c1,path:eceb7f883aff979fbc79,source_record:193147b5654f5049a70b,observation:c8636f1fbb21ce328ae5,treatment_run:ef7359e4d147cbd8daf2,treatment_decision:42ed1037c94137b84019,treatment_output:4f0be064a82af45a9a81,,,,reproducibility_metric:220ce98bc0bcbbc10455,evidence_table:116f7e13ab43d2b28ce2,figure_input:3838931ddea242d97d4a,audit_procedure:58277c4184398221c534,yes
closure:6dd99e67ff1fafcd87e4,B0,audit:665c939b11437a522e14,bc696217068415ca73e2,path:d90dfe4a0892ed071720,source_record:609ed81aeb94651f9f28,observation:faa7a4c88494a64e5e39,treatment_run:ef7359e4d147cbd8daf2,treatment_decision:f0f9398e159a89805a66,treatment_output:c9e3b820d99df8cfd24a,,,,reproducibility_metric:220ce98bc0bcbbc10455,evidence_table:116f7e13ab43d2b28ce2,figure_input:3838931ddea242d97d4a,audit_procedure:58277c4184398221c534,yes
closure:ef65c2b711c4a89bad06,B0,audit:bf69346986bf4f6a0907,cb0d5147421c66597d95,path:158d046767399e2f4f05,source_record:d51908b14d4f43919f94,observation:3a58dba97aae26b9300b,treatment_run:ef7359e4d147cbd8daf2,treatment_decision:69f8285768cc23cfcd85,treatment_output:130f540cad1892fe9816,,,,reproducibility_metric:220ce98bc0bcbbc10455,evidence_table:116f7e13ab43d2b28ce2,figure_input:3838931ddea242d97d4a,audit_procedure:58277c4184398221c534,yes
closure:31473120faff598e1b01,B0,audit:c85f6fe4be1cd78fc433,cfe502c53f19a90449e6,path:a966e805dba2730a4361,source_record:0230a2ca03c36177ec6e,observation:b9d9aa4f2beeae259666,treatment_run:ef7359e4d147cbd8daf2,treatment_decision:345214c000d52f1ca630,treatment_output:4f0be064a82af45a9a81,,,,reproducibility_metric:220ce98bc0bcbbc10455,evidence_table:116f7e13ab43d2b28ce2,figure_input:3838931ddea242d97d4a,audit_procedure:58277c4184398221c534,yes
closure:beb83f1754c39e33dbd8,B0,audit:6f707a624cfd6e25c269,d3d17696ddd6a7bcb743,path:97d575c0b8aedf27b9c8,source_record:470895f1243b5ec9b3fc,observation:202f97684ab8629aa916,treatment_run:ef7359e4d147cbd8daf2,treatment_decision:28561b0a1878d7b8630d,treatment_output:452ae73d8fa913d02132,,,,reproducibility_metric:220ce98bc0bcbbc10455,evidence_table:116f7e13ab43d2b28ce2,figure_input:3838931ddea242d97d4a,audit_procedure:58277c4184398221c534,yes
closure:6104e70313fbd10ee5ae,B0,audit:8d2791f39307132ecf19,d99bc3566095bc6ee582,path:fa5e792520d4e060fd09,source_record:55f9eca0640826e24f9c,observation:5577ee9eb9f8775867ee,treatment_run:ef7359e4d147cbd8daf2,treatment_decision:e9e1e46e04b4e0b87c82,treatment_output:7c0e6ae3460bcd226630,,,,reproducibility_metric:220ce98bc0bcbbc10455,evidence_table:116f7e13ab43d2b28ce2,figure_input:3838931ddea242d97d4a,audit_procedure:58277c4184398221c534,yes
closure:b578ca9f1596b02bddef,B0,audit:be864169bb44c8c9a866,deabb3549fa520121850,path:88ea43a39fb332364087,source_record:1aa22f2b385a01569fc4,observation:3b1d7e44c2f83aa6fe02,treatment_run:ef7359e4d147cbd8daf2,treatment_decision:733e8862b895e90c023f,treatment_output:20a795746ad404126b29,,,,reproducibility_metric:220ce98bc0bcbbc10455,evidence_table:116f7e13ab43d2b28ce2,figure_input:3838931ddea242d97d4a,audit_procedure:58277c4184398221c534,yes
closure:b4b2c2c302aba6a1ee22,B0,audit:37dbf06d6f7b42aba6b1,df8ae4a2843995c9185d,path:ab93a5e3fc9a10c663fc,source_record:f6a04a1c01641dfdfadc,observation:96242f6669896b9035de,treatment_run:ef7359e4d147cbd8daf2,treatment_decision:de8618385ab0b96a4da0,treatment_output:731969672c59f2871e76,,,,reproducibility_metric:220ce98bc0bcbbc10455,evidence_table:116f7e13ab43d2b28ce2,figure_input:3838931ddea242d97d4a,audit_procedure:58277c4184398221c534,yes
closure:d16d896fb7a7d3525762,B0,audit:dbe1ab6a404de21e9495,e06e475e6f5cb8748897,path:8dfd2bbf25d027333a9d,source_record:582a11702e2e666dfc87,observation:4d4d1e51259f85b21f1d,treatment_run:ef7359e4d147cbd8daf2,treatment_decision:1e0b717dca3619cbc832,treatment_output:c9e3b820d99df8cfd24a,,,,reproducibility_metric:220ce98bc0bcbbc10455,evidence_table:116f7e13ab43d2b28ce2,figure_input:3838931ddea242d97d4a,audit_procedure:58277c4184398221c534,yes
closure:40a016016ebc9ec11e35,B0,audit:cca9f89c8302c177da34,e313de2e0e1a97bc17ff,path:b9661ac96456a9efd9ba,source_record:c5368ca23455a251f941,observation:f99fdeebfc608df3a8bb,treatment_run:ef7359e4d147cbd8daf2,treatment_decision:4d94c6598e04bfa70d82,treatment_output:7c0e6ae3460bcd226630,,,,reproducibility_metric:220ce98bc0bcbbc10455,evidence_table:116f7e13ab43d2b28ce2,figure_input:3838931ddea242d97d4a,audit_procedure:58277c4184398221c534,yes
closure:a9c916070bef1a8d394c,B0,audit:3fea25928bd25b66c911,edde0b27f2f31f5fb962,path:e852ffb2dcb8b95c866a,source_record:0ee5489cd01f22e5a51c,observation:1ecfe2896341b81743b9,treatment_run:ef7359e4d147cbd8daf2,treatment_decision:01e97655d5b8bfaf85b6,treatment_output:4e88d5c3b721496dd778,,,,reproducibility_metric:220ce98bc0bcbbc10455,evidence_table:116f7e13ab43d2b28ce2,figure_input:3838931ddea242d97d4a,audit_procedure:58277c4184398221c534,yes
closure:2461ea215b0f46bff39b,B0,audit:6ccfbd4ac75cfc67d996,f2b9db071dd4766d6307,path:2b01f40134ef46caecb9,source_record:a98acfe4bec18f9a0390,observation:0970843830c2ae7c8503,treatment_run:ef7359e4d147cbd8daf2,treatment_decision:a484434b328c7b0665f7,treatment_output:b112b3995ea306e43f08,,,,reproducibility_metric:220ce98bc0bcbbc10455,evidence_table:116f7e13ab43d2b28ce2,figure_input:3838931ddea242d97d4a,audit_procedure:58277c4184398221c534,yes
closure:3675bce67c856c68db22,B0,audit:d71b597e7f833545297e,f4b6cbcb460eaef0f82e,path:b4be154954c60c0be6c2,source_record:875236bbef4d7952b885,observation:cc516c3714c088b54218,treatment_run:ef7359e4d147cbd8daf2,treatment_decision:64e4c12a09d2d7bd90b2,treatment_output:b112b3995ea306e43f08,,,,reproducibility_metric:220ce98bc0bcbbc10455,evidence_table:116f7e13ab43d2b28ce2,figure_input:3838931ddea242d97d4a,audit_procedure:58277c4184398221c534,yes
closure:f220c86101e3df43d5b5,B0,audit:7c52048327bc6632ca64,f831d08aa91c95864cd0,path:1e69049e8ab82ddb3293,source_record:bbde0e659e98bd2c6084,observation:1b7b7decaafba2e44741,treatment_run:ef7359e4d147cbd8daf2,treatment_decision:94a34350fee164c39a62,treatment_output:4372d54e81fafb2c0f84,,,,reproducibility_metric:220ce98bc0bcbbc10455,evidence_table:116f7e13ab43d2b28ce2,figure_input:3838931ddea242d97d4a,audit_procedure:58277c4184398221c534,yes
closure:504dac4a573cd41c5111,B1,audit:1a6bc8b9383c3a3be612,05a8528c88245297d4ba,path:61a65539dd7fd15cc1b6,source_record:07204f7959a158920906,observation:5f781c26691e4c1d4e63,treatment_run:8753b68e51c38f9585ee,treatment_decision:4dff6205be1cfa53338a,treatment_output:9e10e0edf3db9d33bdd7,snapshot_state:5367ba4319af7413c382,,,reproducibility_metric:46c5d343b2ae75cf958b,evidence_table:116f7e13ab43d2b28ce2,figure_input:3838931ddea242d97d4a,audit_procedure:58277c4184398221c534,yes
closure:66b1f8bad848c79f205b,B1,audit:718152f85f36607eef84,09bd4158de9b28a03d83,path:b98116cdfc3625b57334,source_record:621b059bcf550a1ead3a,observation:3f64e0aa5f69399e8a04,treatment_run:8753b68e51c38f9585ee,treatment_decision:b651ce37ac73be1d354f,treatment_output:9556e475a3d1b4b81589,snapshot_state:0fc223872d5f0210eb86,,,reproducibility_metric:46c5d343b2ae75cf958b,evidence_table:116f7e13ab43d2b28ce2,figure_input:3838931ddea242d97d4a,audit_procedure:58277c4184398221c534,yes
closure:31c9919778866b765446,B1,audit:fe692893ee937d297493,1721995859418ecf608c,path:62b34012c87ba9a4340f,source_record:3edd79e5e5b56f709897,observation:c8d559d64c4d785c41a3,treatment_run:8753b68e51c38f9585ee,treatment_decision:6728f45a31ffbdc3dc9f,treatment_output:8c7142bcd7b6be0c9b0a,snapshot_state:fc89c879103a0a6f99cc,,,reproducibility_metric:46c5d343b2ae75cf958b,evidence_table:116f7e13ab43d2b28ce2,figure_input:3838931ddea242d97d4a,audit_procedure:58277c4184398221c534,yes
closure:d7ed599cafdc76ef8d27,B1,audit:29dd87954ceb25aaaeba,211b04665de26cd11d77,path:bb4132599b10a4c786e9,source_record:4ed2457911a60c3d488b,observation:8723d68bb99c76a272c0,treatment_run:8753b68e51c38f9585ee,treatment_decision:8c063c4c3ba1c835d142,treatment_output:1fb07512426155c24d4b,snapshot_state:5367ba4319af7413c382,,,reproducibility_metric:46c5d343b2ae75cf958b,evidence_table:116f7e13ab43d2b28ce2,figure_input:3838931ddea242d97d4a,audit_procedure:58277c4184398221c534,yes
closure:ec1509c951fc469fb37e,B1,audit:94e3d25e8cc46bf244e6,2766cbe2cf960f73ba05,path:24ed4b6b702e502e42e6,source_record:69c44ea8114c54419750,observation:3b44dd267dadc5b9eb40,treatment_run:8753b68e51c38f9585ee,treatment_decision:f2c6a410bcba32c2fba4,treatment_output:49478cd706f9909b3655,snapshot_state:5367ba4319af7413c382,,,reproducibility_metric:46c5d343b2ae75cf958b,evidence_table:116f7e13ab43d2b28ce2,figure_input:3838931ddea242d97d4a,audit_procedure:58277c4184398221c534,yes
closure:529ddb690709e5c7c961,B1,audit:5b8f7db63ab6b1cc5141,27f750d142897641b3b1,path:f9d72b85568f2a848e1c,source_record:294fa03a900a59c6bcc9,observation:ea029425bb6e7db0f2d4,treatment_run:8753b68e51c38f9585ee,treatment_decision:aea7508d109bea3c669b,treatment_output:20422693f59f27575ed6,snapshot_state:5367ba4319af7413c382,,,reproducibility_metric:46c5d343b2ae75cf958b,evidence_table:116f7e13ab43d2b28ce2,figure_input:3838931ddea242d97d4a,audit_procedure:58277c4184398221c534,yes
closure:42c419af919ff0ae3e44,B1,audit:703802a69931d7741290,356dadeceba952eb2a0c,path:0afc3e5030134801aaf0,source_record:c2b5603f1388485b6d3e,observation:be61f5d1cfa355a917f0,treatment_run:8753b68e51c38f9585ee,treatment_decision:a8602a92db8584e6bfd1,treatment_output:f96216a04891beda7c67,snapshot_state:fc89c879103a0a6f99cc,,,reproducibility_metric:46c5d343b2ae75cf958b,evidence_table:116f7e13ab43d2b28ce2,figure_input:3838931ddea242d97d4a,audit_procedure:58277c4184398221c534,yes
closure:da63ed5c8543c194c470,B1,audit:0e2ffa2e794bf31a6a21,463dda3fe5140e2fbed2,path:b2e639819b1544aa2d08,source_record:e6e65cbbb0692b29878a,observation:4451fa83b206a52cd53e,treatment_run:8753b68e51c38f9585ee,treatment_decision:beeacbac9ed4d6c5e332,treatment_output:3fedb84694a6c2142e91,snapshot_state:fc89c879103a0a6f99cc,,,reproducibility_metric:46c5d343b2ae75cf958b,evidence_table:116f7e13ab43d2b28ce2,figure_input:3838931ddea242d97d4a,audit_procedure:58277c4184398221c534,yes
closure:aa951daaffc7442fb2dc,B1,audit:984856c15260e8f5a883,49b82f2b710bfb946f9f,path:322b033ed589deaf1c3d,source_record:423572d2616d043c15d1,observation:864f2c2d1b88e471e06c,treatment_run:8753b68e51c38f9585ee,treatment_decision:1e639daa7b539e8f2208,treatment_output:53e89d05479f8a8a8058,snapshot_state:0fc223872d5f0210eb86,,,reproducibility_metric:46c5d343b2ae75cf958b,evidence_table:116f7e13ab43d2b28ce2,figure_input:3838931ddea242d97d4a,audit_procedure:58277c4184398221c534,yes
closure:2ed5d9e13f5f9d02d650,B1,audit:683c5279b1b2cc130e18,4af2e0e7825c9f2ac443,path:c432cf9d5f8eb992f618,source_record:d3ee5d39849b0096d5ce,observation:6e3265bf4a2eadf39698,treatment_run:8753b68e51c38f9585ee,treatment_decision:05eea653e8b970a61288,treatment_output:8bd131a8109acc5fab46,snapshot_state:0fc223872d5f0210eb86,,,reproducibility_metric:46c5d343b2ae75cf958b,evidence_table:116f7e13ab43d2b28ce2,figure_input:3838931ddea242d97d4a,audit_procedure:58277c4184398221c534,yes
closure:916764d3660e03ed0cd1,B1,audit:82f7d2030549ee758be4,506a60e86fb32d9c608b,path:cc183da10df50aea21cd,source_record:1822780c1a34fa87ecd7,observation:de0321deca75854654ba,treatment_run:8753b68e51c38f9585ee,treatment_decision:455409b7181869c869dd,treatment_output:9a8fcdc084d1cf8b979e,snapshot_state:0fc223872d5f0210eb86,,,reproducibility_metric:46c5d343b2ae75cf958b,evidence_table:116f7e13ab43d2b28ce2,figure_input:3838931ddea242d97d4a,audit_procedure:58277c4184398221c534,yes
closure:f4a00363e05e73b54397,B1,audit:55fb576d14b2fd660374,5fab5a82719cacffcbe4,path:9cfd576ba6467c314ac3,source_record:a2585ae02f3eb15eab0e,observation:04df2a67b487f338de1b,treatment_run:8753b68e51c38f9585ee,treatment_decision:72496eaaa5851fc4fe88,treatment_output:b1a753daf7b0c5775d24,snapshot_state:fc89c879103a0a6f99cc,,,reproducibility_metric:46c5d343b2ae75cf958b,evidence_table:116f7e13ab43d2b28ce2,figure_input:3838931ddea242d97d4a,audit_procedure:58277c4184398221c534,yes
closure:659dfe10539cc581bbd8,B1,audit:533b9a31fa7aa13d14c2,69745dd19d776c69570e,path:2ac84c6536afc316c225,source_record:87c903ae7b46a49c415f,observation:e19175cc2d07bb652fd5,treatment_run:8753b68e51c38f9585ee,treatment_decision:a399f62b390bcb762f17,treatment_output:6f96c0a32a9db463ba1b,snapshot_state:fc89c879103a0a6f99cc,,,reproducibility_metric:46c5d343b2ae75cf958b,evidence_table:116f7e13ab43d2b28ce2,figure_input:3838931ddea242d97d4a,audit_procedure:58277c4184398221c534,yes
closure:554d37cda6ea0ef9c241,B1,audit:ca35dd515f973e4d23d8,69a1ecde0bf18c3a84ae,path:d49a57b78cc6b9abfbda,source_record:192aacf02d8179c6f75a,observation:c0e44bfaff03fb3d0e85,treatment_run:8753b68e51c38f9585ee,treatment_decision:0e04639b4b787c22e612,treatment_output:3c0f7efe18222e987b1d,snapshot_state:fc89c879103a0a6f99cc,,,reproducibility_metric:46c5d343b2ae75cf958b,evidence_table:116f7e13ab43d2b28ce2,figure_input:3838931ddea242d97d4a,audit_procedure:58277c4184398221c534,yes
closure:fdd1859c8651e919ddf6,B1,audit:3ba069c0cba0967825e6,6ad6dfc4b05d0f292d1f,path:48ecac1095ede20645a5,source_record:7e35d4e934c4fa296c7d,observation:389c8092fc51c52bc4eb,treatment_run:8753b68e51c38f9585ee,treatment_decision:70b453e06263d20984c8,treatment_output:7bf6705ae1623f1de633,snapshot_state:5367ba4319af7413c382,,,reproducibility_metric:46c5d343b2ae75cf958b,evidence_table:116f7e13ab43d2b28ce2,figure_input:3838931ddea242d97d4a,audit_procedure:58277c4184398221c534,yes
closure:47085e407b032998f582,B1,audit:0408bb4a972d3ed5533e,6fbf4aae1b9a6de0051a,path:1854639fe75807863181,source_record:010ca4a0b9492cf8f0be,observation:294d2d83bf86fa753446,treatment_run:8753b68e51c38f9585ee,treatment_decision:079d807f6c262a9020ca,treatment_output:176d02d417a1e8fd7f01,snapshot_state:5367ba4319af7413c382,,,reproducibility_metric:46c5d343b2ae75cf958b,evidence_table:116f7e13ab43d2b28ce2,figure_input:3838931ddea242d97d4a,audit_procedure:58277c4184398221c534,yes
closure:32bc9c245798ae25d00c,B1,audit:ac4f4eea19c8a0db2726,72e8553f361951a0c2c8,path:80b166643382e0ef0e65,source_record:c9024fe3b36dd1151ec1,observation:a7e8ddddcfeb654133b3,treatment_run:8753b68e51c38f9585ee,treatment_decision:b3f010f2e2a087330a72,treatment_output:358a775020288a461947,snapshot_state:5367ba4319af7413c382,,,reproducibility_metric:46c5d343b2ae75cf958b,evidence_table:116f7e13ab43d2b28ce2,figure_input:3838931ddea242d97d4a,audit_procedure:58277c4184398221c534,yes
closure:9fc838ac5f8f63c1ed5d,B1,audit:3a85f8d429a2efcce874,74fed6e1c3d917191be6,path:021aaa0e50db5b3937c5,source_record:061aced56e5316f767e3,observation:e36405cf00bd435e3d3d,treatment_run:8753b68e51c38f9585ee,treatment_decision:5fc3e4a8ea4f880fc3f2,treatment_output:debdb5aa57947a06abef,snapshot_state:fc89c879103a0a6f99cc;snapshot_state:0fc223872d5f0210eb86,,,reproducibility_metric:46c5d343b2ae75cf958b,evidence_table:116f7e13ab43d2b28ce2,figure_input:3838931ddea242d97d4a,audit_procedure:58277c4184398221c534,yes
closure:965d00667b1f7b4d00ae,B1,audit:63a346916e7855cc7bbd,87cdfc70ee6d45666fec,path:3a7cea85e37e471d8faa,source_record:9d014b544d90b04f050e,observation:fd786e62692104822637,treatment_run:8753b68e51c38f9585ee,treatment_decision:c9325a74a5e2f3de159d,treatment_output:de474635df9204daeb8c,snapshot_state:0fc223872d5f0210eb86,,,reproducibility_metric:46c5d343b2ae75cf958b,evidence_table:116f7e13ab43d2b28ce2,figure_input:3838931ddea242d97d4a,audit_procedure:58277c4184398221c534,yes
closure:1de456128106898d2031,B1,audit:cf51b61a31f67e301e3f,9fcd6d7d4f2e24e56db1,path:0f4459bbf2991e7490f0,source_record:16473e53e748c08ec754,observation:667f983b01d3cdf7458e,treatment_run:8753b68e51c38f9585ee,treatment_decision:aa1f0a5de8234a618feb,treatment_output:32f6eab996f5cf96b072,snapshot_state:5367ba4319af7413c382,,,reproducibility_metric:46c5d343b2ae75cf958b,evidence_table:116f7e13ab43d2b28ce2,figure_input:3838931ddea242d97d4a,audit_procedure:58277c4184398221c534,yes
closure:756feaf0512942134d12,B1,audit:d1e59a2defb43d26b40d,9fe0a3bb2baed4ce3810,path:84377c0849e94350fa01,source_record:271cc1d0fc53de1a353a,observation:885040ab6fb9ac0096b2,treatment_run:8753b68e51c38f9585ee,treatment_decision:38aa5af7b120e26bf137,treatment_output:31d7273516a625fc3a27,snapshot_state:5367ba4319af7413c382,,,reproducibility_metric:46c5d343b2ae75cf958b,evidence_table:116f7e13ab43d2b28ce2,figure_input:3838931ddea242d97d4a,audit_procedure:58277c4184398221c534,yes
closure:f55adc4c6070db8b843e,B1,audit:fb684b8a75473085d369,a16c09b869c2ad72a4ea,path:b8bc76cfb7e9c8cf1e7d,source_record:26de36e57a1c215a6f55,observation:31d333568319d88d97b2,treatment_run:8753b68e51c38f9585ee,treatment_decision:00ba366612b481aeb6db,treatment_output:f8cb4249aba2072ada37,snapshot_state:5367ba4319af7413c382,,,reproducibility_metric:46c5d343b2ae75cf958b,evidence_table:116f7e13ab43d2b28ce2,figure_input:3838931ddea242d97d4a,audit_procedure:58277c4184398221c534,yes
closure:97dd4fb0befdf4a74ffd,B1,audit:8f5a3fa16b6184aeacbc,a34fc65bf470c1e7ce20,path:5cfb507dee7be46c97f7,source_record:091fddff5547c21e53b2,observation:da340ced2539c49628bf,treatment_run:8753b68e51c38f9585ee,treatment_decision:5901f6a4b7a019b0552f,treatment_output:a28b4e07a6f6b8b308fa,snapshot_state:5367ba4319af7413c382,,,reproducibility_metric:46c5d343b2ae75cf958b,evidence_table:116f7e13ab43d2b28ce2,figure_input:3838931ddea242d97d4a,audit_procedure:58277c4184398221c534,yes
closure:fa393b9ac176af2839ea,B1,audit:8c0225ebdb6b96e0c9cb,ad8a7f5c7869af674e3a,path:757c700c17d517b3f7c3,source_record:71811020d9a92abf868d,observation:e4c9a85a54e3ad78e66c,treatment_run:8753b68e51c38f9585ee,treatment_decision:08b0d20ce2e4f3857016,treatment_output:bc4297a89e6c24aa4342,snapshot_state:fc89c879103a0a6f99cc;snapshot_state:0fc223872d5f0210eb86,,,reproducibility_metric:46c5d343b2ae75cf958b,evidence_table:116f7e13ab43d2b28ce2,figure_input:3838931ddea242d97d4a,audit_procedure:58277c4184398221c534,yes
closure:e406e553e86e67fa6a47,B1,audit:46b87160106de1af4fe9,b55b4fefc9148be667c1,path:eceb7f883aff979fbc79,source_record:193147b5654f5049a70b,observation:c8636f1fbb21ce328ae5,treatment_run:8753b68e51c38f9585ee,treatment_decision:261ea74a6ee42a069821,treatment_output:f530832ea0c3731172dd,snapshot_state:0fc223872d5f0210eb86,,,reproducibility_metric:46c5d343b2ae75cf958b,evidence_table:116f7e13ab43d2b28ce2,figure_input:3838931ddea242d97d4a,audit_procedure:58277c4184398221c534,yes
closure:d4ec5bd11193c2c3bed7,B1,audit:db8e1f9e5a601e6d3b2c,bc696217068415ca73e2,path:d90dfe4a0892ed071720,source_record:609ed81aeb94651f9f28,observation:faa7a4c88494a64e5e39,treatment_run:8753b68e51c38f9585ee,treatment_decision:1f81fe5e0e2247bd890e,treatment_output:8a029571f27dc4efd3f7,snapshot_state:fc89c879103a0a6f99cc,,,reproducibility_metric:46c5d343b2ae75cf958b,evidence_table:116f7e13ab43d2b28ce2,figure_input:3838931ddea242d97d4a,audit_procedure:58277c4184398221c534,yes
closure:7e112f4f4d55f56e1f9c,B1,audit:3873bbde1279fe8e68b8,cb0d5147421c66597d95,path:158d046767399e2f4f05,source_record:d51908b14d4f43919f94,observation:3a58dba97aae26b9300b,treatment_run:8753b68e51c38f9585ee,treatment_decision:6389be765d4e8e1e356f,treatment_output:40cafa1c86e5c076cb36,snapshot_state:0fc223872d5f0210eb86,,,reproducibility_metric:46c5d343b2ae75cf958b,evidence_table:116f7e13ab43d2b28ce2,figure_input:3838931ddea242d97d4a,audit_procedure:58277c4184398221c534,yes
closure:3c437551fc29c47a0234,B1,audit:db95c4af2f5f89e2a086,cfe502c53f19a90449e6,path:a966e805dba2730a4361,source_record:0230a2ca03c36177ec6e,observation:b9d9aa4f2beeae259666,treatment_run:8753b68e51c38f9585ee,treatment_decision:2d6b70d3b38ad5eb54a7,treatment_output:afebeafe6ff2d0170893,snapshot_state:fc89c879103a0a6f99cc,,,reproducibility_metric:46c5d343b2ae75cf958b,evidence_table:116f7e13ab43d2b28ce2,figure_input:3838931ddea242d97d4a,audit_procedure:58277c4184398221c534,yes
closure:8fb4e66207181ed52ca4,B1,audit:826a7043dfc650b5bef3,d3d17696ddd6a7bcb743,path:97d575c0b8aedf27b9c8,source_record:470895f1243b5ec9b3fc,observation:202f97684ab8629aa916,treatment_run:8753b68e51c38f9585ee,treatment_decision:c3f470f0116a95f8dbcf,treatment_output:7d8481cda60d7aba35c5,snapshot_state:0fc223872d5f0210eb86,,,reproducibility_metric:46c5d343b2ae75cf958b,evidence_table:116f7e13ab43d2b28ce2,figure_input:3838931ddea242d97d4a,audit_procedure:58277c4184398221c534,yes
closure:1190cc550c336366becc,B1,audit:a46006a1503a9a8fa34a,d99bc3566095bc6ee582,path:fa5e792520d4e060fd09,source_record:55f9eca0640826e24f9c,observation:5577ee9eb9f8775867ee,treatment_run:8753b68e51c38f9585ee,treatment_decision:c9b6c4fd6598cd457d82,treatment_output:f622c2fc083e0e6053cc,snapshot_state:fc89c879103a0a6f99cc;snapshot_state:0fc223872d5f0210eb86,,,reproducibility_metric:46c5d343b2ae75cf958b,evidence_table:116f7e13ab43d2b28ce2,figure_input:3838931ddea242d97d4a,audit_procedure:58277c4184398221c534,yes
closure:04dcb3432ce0da234dac,B1,audit:c841d00aa8b1ef70e365,deabb3549fa520121850,path:88ea43a39fb332364087,source_record:1aa22f2b385a01569fc4,observation:3b1d7e44c2f83aa6fe02,treatment_run:8753b68e51c38f9585ee,treatment_decision:91fe1883a0b85a89e4e9,treatment_output:11b84894fe6766dc42af,snapshot_state:fc89c879103a0a6f99cc,,,reproducibility_metric:46c5d343b2ae75cf958b,evidence_table:116f7e13ab43d2b28ce2,figure_input:3838931ddea242d97d4a,audit_procedure:58277c4184398221c534,yes
closure:4b150418da66f2cb8d68,B1,audit:210a0ce5d77011ec858c,df8ae4a2843995c9185d,path:ab93a5e3fc9a10c663fc,source_record:f6a04a1c01641dfdfadc,observation:96242f6669896b9035de,treatment_run:8753b68e51c38f9585ee,treatment_decision:de02f0282647d05d1452,treatment_output:3380dfbc8b86ddde78be,snapshot_state:0fc223872d5f0210eb86,,,reproducibility_metric:46c5d343b2ae75cf958b,evidence_table:116f7e13ab43d2b28ce2,figure_input:3838931ddea242d97d4a,audit_procedure:58277c4184398221c534,yes
closure:f8500b8ca9dfd35ed0ab,B1,audit:e6ce3512da120c27dfe5,e06e475e6f5cb8748897,path:8dfd2bbf25d027333a9d,source_record:582a11702e2e666dfc87,observation:4d4d1e51259f85b21f1d,treatment_run:8753b68e51c38f9585ee,treatment_decision:c246172e6de2b687025d,treatment_output:2c5370a0a187d79117b7,snapshot_state:0fc223872d5f0210eb86,,,reproducibility_metric:46c5d343b2ae75cf958b,evidence_table:116f7e13ab43d2b28ce2,figure_input:3838931ddea242d97d4a,audit_procedure:58277c4184398221c534,yes
closure:ece0ad01671d072b347d,B1,audit:279263ea7fe73bca874d,e313de2e0e1a97bc17ff,path:b9661ac96456a9efd9ba,source_record:c5368ca23455a251f941,observation:f99fdeebfc608df3a8bb,treatment_run:8753b68e51c38f9585ee,treatment_decision:802823c6371dceb43e9c,treatment_output:8b675720d359da1d4e7a,snapshot_state:5367ba4319af7413c382,,,reproducibility_metric:46c5d343b2ae75cf958b,evidence_table:116f7e13ab43d2b28ce2,figure_input:3838931ddea242d97d4a,audit_procedure:58277c4184398221c534,yes
closure:dfdc1218e0b3cab1ec36,B1,audit:baca17f6b2c0a7240137,edde0b27f2f31f5fb962,path:e852ffb2dcb8b95c866a,source_record:0ee5489cd01f22e5a51c,observation:1ecfe2896341b81743b9,treatment_run:8753b68e51c38f9585ee,treatment_decision:35a847d459f3dc0a0af1,treatment_output:a81a311fdd585719ef98,snapshot_state:fc89c879103a0a6f99cc;snapshot_state:0fc223872d5f0210eb86,,,reproducibility_metric:46c5d343b2ae75cf958b,evidence_table:116f7e13ab43d2b28ce2,figure_input:3838931ddea242d97d4a,audit_procedure:58277c4184398221c534,yes
closure:2c5536fd46910b845c14,B1,audit:96bf07836aec70b7e40c,f2b9db071dd4766d6307,path:2b01f40134ef46caecb9,source_record:a98acfe4bec18f9a0390,observation:0970843830c2ae7c8503,treatment_run:8753b68e51c38f9585ee,treatment_decision:d85aca16a447127852ff,treatment_output:a5cbf8482cf91b7dc2df,snapshot_state:fc89c879103a0a6f99cc,,,reproducibility_metric:46c5d343b2ae75cf958b,evidence_table:116f7e13ab43d2b28ce2,figure_input:3838931ddea242d97d4a,audit_procedure:58277c4184398221c534,yes
closure:e26a4822d7fea5a7a5b3,B1,audit:2dcc6de7edac0ede0104,f4b6cbcb460eaef0f82e,path:b4be154954c60c0be6c2,source_record:875236bbef4d7952b885,observation:cc516c3714c088b54218,treatment_run:8753b68e51c38f9585ee,treatment_decision:e4ae2ed1b62d068ef2bf,treatment_output:191483922693325d8719,snapshot_state:5367ba4319af7413c382,,,reproducibility_metric:46c5d343b2ae75cf958b,evidence_table:116f7e13ab43d2b28ce2,figure_input:3838931ddea242d97d4a,audit_procedure:58277c4184398221c534,yes
closure:3c545ea56971f3187c64,B1,audit:15de010c2aa26c015d6f,f831d08aa91c95864cd0,path:1e69049e8ab82ddb3293,source_record:bbde0e659e98bd2c6084,observation:1b7b7decaafba2e44741,treatment_run:8753b68e51c38f9585ee,treatment_decision:b09a469a80c51e50779a,treatment_output:10b1925a6a42c3e2c127,snapshot_state:5367ba4319af7413c382,,,reproducibility_metric:46c5d343b2ae75cf958b,evidence_table:116f7e13ab43d2b28ce2,figure_input:3838931ddea242d97d4a,audit_procedure:58277c4184398221c534,yes
closure:f951baf072f9890fb6b1,B2,audit:dc8a0f338aa5b37c933f,05a8528c88245297d4ba,path:61a65539dd7fd15cc1b6,source_record:07204f7959a158920906,observation:5f781c26691e4c1d4e63,treatment_run:e521039156fb73b71128,treatment_decision:64a25d13c4c58b4ab807,treatment_output:c576ab8d524dc574c195,,,,reproducibility_metric:cd8e068865292c716ba8,evidence_table:116f7e13ab43d2b28ce2,figure_input:3838931ddea242d97d4a,audit_procedure:58277c4184398221c534,yes
closure:eca51d9c76fd0260c94f,B2,audit:08923c513c789e4d6847,09bd4158de9b28a03d83,path:b98116cdfc3625b57334,source_record:621b059bcf550a1ead3a,observation:3f64e0aa5f69399e8a04,treatment_run:e521039156fb73b71128,treatment_decision:66faf76902b33b10aa76,treatment_output:33f3dbad646d3ec19143,,,,reproducibility_metric:cd8e068865292c716ba8,evidence_table:116f7e13ab43d2b28ce2,figure_input:3838931ddea242d97d4a,audit_procedure:58277c4184398221c534,yes
closure:c57f13f59117e9dc7c93,B2,audit:7c2793bb84b79bbd9652,1721995859418ecf608c,path:62b34012c87ba9a4340f,source_record:3edd79e5e5b56f709897,observation:c8d559d64c4d785c41a3,treatment_run:e521039156fb73b71128,treatment_decision:1c37bb7db78dd523efc8,treatment_output:42784905be0ef14a4822,,,,reproducibility_metric:cd8e068865292c716ba8,evidence_table:116f7e13ab43d2b28ce2,figure_input:3838931ddea242d97d4a,audit_procedure:58277c4184398221c534,yes
closure:d74e0e0aeb5f1977a7e1,B2,audit:94363a701122a8bc9901,211b04665de26cd11d77,path:bb4132599b10a4c786e9,source_record:4ed2457911a60c3d488b,observation:8723d68bb99c76a272c0,treatment_run:e521039156fb73b71128,treatment_decision:6f97d759c0fb908abffb,treatment_output:1c8aa4de2addbacb0dd5,,,,reproducibility_metric:cd8e068865292c716ba8,evidence_table:116f7e13ab43d2b28ce2,figure_input:3838931ddea242d97d4a,audit_procedure:58277c4184398221c534,yes
closure:579891cda37455b224c6,B2,audit:6fa068e9e9b4017bbcdf,2766cbe2cf960f73ba05,path:24ed4b6b702e502e42e6,source_record:69c44ea8114c54419750,observation:3b44dd267dadc5b9eb40,treatment_run:e521039156fb73b71128,treatment_decision:e4ca9bee15dc3066aedf,treatment_output:a535f3e48f54da072b20,,,,reproducibility_metric:cd8e068865292c716ba8,evidence_table:116f7e13ab43d2b28ce2,figure_input:3838931ddea242d97d4a,audit_procedure:58277c4184398221c534,yes
closure:539cc36682080f4f7afa,B2,audit:dd7cc7edabc29eb783e8,27f750d142897641b3b1,path:f9d72b85568f2a848e1c,source_record:294fa03a900a59c6bcc9,observation:ea029425bb6e7db0f2d4,treatment_run:e521039156fb73b71128,treatment_decision:86c711486628ab7c2376,treatment_output:14f78b9495df634c3d3b,,,,reproducibility_metric:cd8e068865292c716ba8,evidence_table:116f7e13ab43d2b28ce2,figure_input:3838931ddea242d97d4a,audit_procedure:58277c4184398221c534,yes
closure:eb1d6965e3653db3ed5e,B2,audit:fb28be33740c6971c8ab,356dadeceba952eb2a0c,path:0afc3e5030134801aaf0,source_record:c2b5603f1388485b6d3e,observation:be61f5d1cfa355a917f0,treatment_run:e521039156fb73b71128,treatment_decision:e922bc7a80c337ac72a8,treatment_output:14f78b9495df634c3d3b,,,,reproducibility_metric:cd8e068865292c716ba8,evidence_table:116f7e13ab43d2b28ce2,figure_input:3838931ddea242d97d4a,audit_procedure:58277c4184398221c534,yes
closure:110cf936d349defb62fb,B2,audit:07a50e8429be343dfc0e,463dda3fe5140e2fbed2,path:b2e639819b1544aa2d08,source_record:e6e65cbbb0692b29878a,observation:4451fa83b206a52cd53e,treatment_run:e521039156fb73b71128,treatment_decision:7d018acbe51aa6194ae5,treatment_output:86ad6b8988d59c1d6090,,,,reproducibility_metric:cd8e068865292c716ba8,evidence_table:116f7e13ab43d2b28ce2,figure_input:3838931ddea242d97d4a,audit_procedure:58277c4184398221c534,yes
closure:998504b1d461b2e5e347,B2,audit:fb6d8c989893b44887e3,49b82f2b710bfb946f9f,path:322b033ed589deaf1c3d,source_record:423572d2616d043c15d1,observation:864f2c2d1b88e471e06c,treatment_run:e521039156fb73b71128,treatment_decision:50582d3656d43e23a4ce,treatment_output:95f1e10e3b52b5461f34,,,,reproducibility_metric:cd8e068865292c716ba8,evidence_table:116f7e13ab43d2b28ce2,figure_input:3838931ddea242d97d4a,audit_procedure:58277c4184398221c534,yes
closure:e54c8d8fd33e473e89e4,B2,audit:c35422a4bf8b621c4b4f,4af2e0e7825c9f2ac443,path:c432cf9d5f8eb992f618,source_record:d3ee5d39849b0096d5ce,observation:6e3265bf4a2eadf39698,treatment_run:e521039156fb73b71128,treatment_decision:07b069e313d324126fc3,treatment_output:a535f3e48f54da072b20,,,,reproducibility_metric:cd8e068865292c716ba8,evidence_table:116f7e13ab43d2b28ce2,figure_input:3838931ddea242d97d4a,audit_procedure:58277c4184398221c534,yes
closure:2734497ceae02581aa9e,B2,audit:9ee6ac464f00521776a9,506a60e86fb32d9c608b,path:cc183da10df50aea21cd,source_record:1822780c1a34fa87ecd7,observation:de0321deca75854654ba,treatment_run:e521039156fb73b71128,treatment_decision:c205c83bfd196b596a51,treatment_output:14f78b9495df634c3d3b,,,,reproducibility_metric:cd8e068865292c716ba8,evidence_table:116f7e13ab43d2b28ce2,figure_input:3838931ddea242d97d4a,audit_procedure:58277c4184398221c534,yes
closure:54d8f47b58e2fbc37806,B2,audit:a9dc7380d5b598d5f59d,5fab5a82719cacffcbe4,path:9cfd576ba6467c314ac3,source_record:a2585ae02f3eb15eab0e,observation:04df2a67b487f338de1b,treatment_run:e521039156fb73b71128,treatment_decision:44e85d3e18527505e98a,treatment_output:33f3dbad646d3ec19143,,,,reproducibility_metric:cd8e068865292c716ba8,evidence_table:116f7e13ab43d2b28ce2,figure_input:3838931ddea242d97d4a,audit_procedure:58277c4184398221c534,yes
closure:29828c2cb3569ebcd594,B2,audit:7b97f46fc4bb5a381b11,69745dd19d776c69570e,path:2ac84c6536afc316c225,source_record:87c903ae7b46a49c415f,observation:e19175cc2d07bb652fd5,treatment_run:e521039156fb73b71128,treatment_decision:ba4d2a0323532ef5eefc,treatment_output:5fb72e44f9c935bd58f3,,,,reproducibility_metric:cd8e068865292c716ba8,evidence_table:116f7e13ab43d2b28ce2,figure_input:3838931ddea242d97d4a,audit_procedure:58277c4184398221c534,yes
closure:54dd216fb20e3749a025,B2,audit:a3e655185b47e59c3fb8,69a1ecde0bf18c3a84ae,path:d49a57b78cc6b9abfbda,source_record:192aacf02d8179c6f75a,observation:c0e44bfaff03fb3d0e85,treatment_run:e521039156fb73b71128,treatment_decision:0a9128e5315b05c412f3,treatment_output:05e99fdeb0f99c33d1b0,,,,reproducibility_metric:cd8e068865292c716ba8,evidence_table:116f7e13ab43d2b28ce2,figure_input:3838931ddea242d97d4a,audit_procedure:58277c4184398221c534,yes
closure:3d28e75c23067ad9584a,B2,audit:9b76fed529b6f489be77,6ad6dfc4b05d0f292d1f,path:48ecac1095ede20645a5,source_record:7e35d4e934c4fa296c7d,observation:389c8092fc51c52bc4eb,treatment_run:e521039156fb73b71128,treatment_decision:2bf4efe84e17d15d5a52,treatment_output:5fb72e44f9c935bd58f3,,,,reproducibility_metric:cd8e068865292c716ba8,evidence_table:116f7e13ab43d2b28ce2,figure_input:3838931ddea242d97d4a,audit_procedure:58277c4184398221c534,yes
closure:7881570886a048974feb,B2,audit:05dd7d5fc8d10537b8da,6fbf4aae1b9a6de0051a,path:1854639fe75807863181,source_record:010ca4a0b9492cf8f0be,observation:294d2d83bf86fa753446,treatment_run:e521039156fb73b71128,treatment_decision:ecb545a1085647c5d652,treatment_output:39e6cbdec8437f8a621a,,,,reproducibility_metric:cd8e068865292c716ba8,evidence_table:116f7e13ab43d2b28ce2,figure_input:3838931ddea242d97d4a,audit_procedure:58277c4184398221c534,yes
closure:b3786e0220e3908319fb,B2,audit:d6fafc41856b0fceb4d1,72e8553f361951a0c2c8,path:80b166643382e0ef0e65,source_record:c9024fe3b36dd1151ec1,observation:a7e8ddddcfeb654133b3,treatment_run:e521039156fb73b71128,treatment_decision:a6c6d5f8faaf44e4fb40,treatment_output:42784905be0ef14a4822,,,,reproducibility_metric:cd8e068865292c716ba8,evidence_table:116f7e13ab43d2b28ce2,figure_input:3838931ddea242d97d4a,audit_procedure:58277c4184398221c534,yes
closure:0e196b1e37e907107e54,B2,audit:5c5d6e7668ccd63693ed,74fed6e1c3d917191be6,path:021aaa0e50db5b3937c5,source_record:061aced56e5316f767e3,observation:e36405cf00bd435e3d3d,treatment_run:e521039156fb73b71128,treatment_decision:371b782e4e8e98bd1010,treatment_output:1c8aa4de2addbacb0dd5,,,,reproducibility_metric:cd8e068865292c716ba8,evidence_table:116f7e13ab43d2b28ce2,figure_input:3838931ddea242d97d4a,audit_procedure:58277c4184398221c534,yes
closure:abef1cda5bc50e98107b,B2,audit:444e4e4f1f090ebd0130,87cdfc70ee6d45666fec,path:3a7cea85e37e471d8faa,source_record:9d014b544d90b04f050e,observation:fd786e62692104822637,treatment_run:e521039156fb73b71128,treatment_decision:194200d871c8425ce37a,treatment_output:5fb72e44f9c935bd58f3,,,,reproducibility_metric:cd8e068865292c716ba8,evidence_table:116f7e13ab43d2b28ce2,figure_input:3838931ddea242d97d4a,audit_procedure:58277c4184398221c534,yes
closure:2c333a0ba9ee41ab9976,B2,audit:8d814eacc81f2a8a0aec,9fcd6d7d4f2e24e56db1,path:0f4459bbf2991e7490f0,source_record:16473e53e748c08ec754,observation:667f983b01d3cdf7458e,treatment_run:e521039156fb73b71128,treatment_decision:8308c3c3f060c8b25564,treatment_output:33f3dbad646d3ec19143,,,,reproducibility_metric:cd8e068865292c716ba8,evidence_table:116f7e13ab43d2b28ce2,figure_input:3838931ddea242d97d4a,audit_procedure:58277c4184398221c534,yes
closure:2e474de0b74a5560bdaa,B2,audit:f838141955f5cd284836,9fe0a3bb2baed4ce3810,path:84377c0849e94350fa01,source_record:271cc1d0fc53de1a353a,observation:885040ab6fb9ac0096b2,treatment_run:e521039156fb73b71128,treatment_decision:470dd4633fb0dfa7fe65,treatment_output:86ad6b8988d59c1d6090,,,,reproducibility_metric:cd8e068865292c716ba8,evidence_table:116f7e13ab43d2b28ce2,figure_input:3838931ddea242d97d4a,audit_procedure:58277c4184398221c534,yes
closure:9281a509bfbeb8e378a9,B2,audit:ea7fede3180155c96322,a16c09b869c2ad72a4ea,path:b8bc76cfb7e9c8cf1e7d,source_record:26de36e57a1c215a6f55,observation:31d333568319d88d97b2,treatment_run:e521039156fb73b71128,treatment_decision:f23f0bd59f8981005867,treatment_output:aa886d476fcda30c743c,,,,reproducibility_metric:cd8e068865292c716ba8,evidence_table:116f7e13ab43d2b28ce2,figure_input:3838931ddea242d97d4a,audit_procedure:58277c4184398221c534,yes
closure:f48608296798bb287df1,B2,audit:30a6c0d41ea2175629c9,a34fc65bf470c1e7ce20,path:5cfb507dee7be46c97f7,source_record:091fddff5547c21e53b2,observation:da340ced2539c49628bf,treatment_run:e521039156fb73b71128,treatment_decision:8767414d773196b79c6f,treatment_output:05e99fdeb0f99c33d1b0,,,,reproducibility_metric:cd8e068865292c716ba8,evidence_table:116f7e13ab43d2b28ce2,figure_input:3838931ddea242d97d4a,audit_procedure:58277c4184398221c534,yes
closure:ab8d5e1111095077498c,B2,audit:a8592e76a08be6f77229,ad8a7f5c7869af674e3a,path:757c700c17d517b3f7c3,source_record:71811020d9a92abf868d,observation:e4c9a85a54e3ad78e66c,treatment_run:e521039156fb73b71128,treatment_decision:84cbb32858b832c84f69,treatment_output:eae14ef263bc0a3ed9ca,,,,reproducibility_metric:cd8e068865292c716ba8,evidence_table:116f7e13ab43d2b28ce2,figure_input:3838931ddea242d97d4a,audit_procedure:58277c4184398221c534,yes
closure:dbb296a5d77a0937f0f0,B2,audit:6b14b18cd3cf112a8a80,b55b4fefc9148be667c1,path:eceb7f883aff979fbc79,source_record:193147b5654f5049a70b,observation:c8636f1fbb21ce328ae5,treatment_run:e521039156fb73b71128,treatment_decision:54c37b211f186cf37d22,treatment_output:39e6cbdec8437f8a621a,,,,reproducibility_metric:cd8e068865292c716ba8,evidence_table:116f7e13ab43d2b28ce2,figure_input:3838931ddea242d97d4a,audit_procedure:58277c4184398221c534,yes
closure:f73131c78903cc889190,B2,audit:bca5cfd87ed11f95151f,bc696217068415ca73e2,path:d90dfe4a0892ed071720,source_record:609ed81aeb94651f9f28,observation:faa7a4c88494a64e5e39,treatment_run:e521039156fb73b71128,treatment_decision:ebc36619fb9371ccdb2d,treatment_output:aa886d476fcda30c743c,,,,reproducibility_metric:cd8e068865292c716ba8,evidence_table:116f7e13ab43d2b28ce2,figure_input:3838931ddea242d97d4a,audit_procedure:58277c4184398221c534,yes
closure:ba410497531bdcdc3201,B2,audit:a55d26d86fe9fb5d9fba,cb0d5147421c66597d95,path:158d046767399e2f4f05,source_record:d51908b14d4f43919f94,observation:3a58dba97aae26b9300b,treatment_run:e521039156fb73b71128,treatment_decision:b989fabf222020a2dabe,treatment_output:86ad6b8988d59c1d6090,,,,reproducibility_metric:cd8e068865292c716ba8,evidence_table:116f7e13ab43d2b28ce2,figure_input:3838931ddea242d97d4a,audit_procedure:58277c4184398221c534,yes
closure:a5229b0643d94ab86b0a,B2,audit:cbaa44f2f9fc502a17e9,cfe502c53f19a90449e6,path:a966e805dba2730a4361,source_record:0230a2ca03c36177ec6e,observation:b9d9aa4f2beeae259666,treatment_run:e521039156fb73b71128,treatment_decision:19342cef837b47f9f2ea,treatment_output:39e6cbdec8437f8a621a,,,,reproducibility_metric:cd8e068865292c716ba8,evidence_table:116f7e13ab43d2b28ce2,figure_input:3838931ddea242d97d4a,audit_procedure:58277c4184398221c534,yes
closure:0a157b3a529dac46cb1c,B2,audit:0e0dcb9bee194609f470,d3d17696ddd6a7bcb743,path:97d575c0b8aedf27b9c8,source_record:470895f1243b5ec9b3fc,observation:202f97684ab8629aa916,treatment_run:e521039156fb73b71128,treatment_decision:e7542895b383f1cf957a,treatment_output:05e99fdeb0f99c33d1b0,,,,reproducibility_metric:cd8e068865292c716ba8,evidence_table:116f7e13ab43d2b28ce2,figure_input:3838931ddea242d97d4a,audit_procedure:58277c4184398221c534,yes
closure:1826dde2a9d1ef211dd1,B2,audit:2356e12ce24d1478b42d,d99bc3566095bc6ee582,path:fa5e792520d4e060fd09,source_record:55f9eca0640826e24f9c,observation:5577ee9eb9f8775867ee,treatment_run:e521039156fb73b71128,treatment_decision:3351d3137ad2e1663462,treatment_output:35a8447dfb94ea08c80b,,,,reproducibility_metric:cd8e068865292c716ba8,evidence_table:116f7e13ab43d2b28ce2,figure_input:3838931ddea242d97d4a,audit_procedure:58277c4184398221c534,yes
closure:4b9e67e92200046dbe54,B2,audit:b62dcfff2fd8df3b850b,deabb3549fa520121850,path:88ea43a39fb332364087,source_record:1aa22f2b385a01569fc4,observation:3b1d7e44c2f83aa6fe02,treatment_run:e521039156fb73b71128,treatment_decision:b49c24396a857374b3a1,treatment_output:a535f3e48f54da072b20,,,,reproducibility_metric:cd8e068865292c716ba8,evidence_table:116f7e13ab43d2b28ce2,figure_input:3838931ddea242d97d4a,audit_procedure:58277c4184398221c534,yes
closure:551014808980ca9eb85e,B2,audit:36930f777c881f113e80,df8ae4a2843995c9185d,path:ab93a5e3fc9a10c663fc,source_record:f6a04a1c01641dfdfadc,observation:96242f6669896b9035de,treatment_run:e521039156fb73b71128,treatment_decision:c2ceeff98ed5980e40d3,treatment_output:42784905be0ef14a4822,,,,reproducibility_metric:cd8e068865292c716ba8,evidence_table:116f7e13ab43d2b28ce2,figure_input:3838931ddea242d97d4a,audit_procedure:58277c4184398221c534,yes
closure:6d0bd4e75dfa6b0f267a,B2,audit:43772b4fe23577c19479,e06e475e6f5cb8748897,path:8dfd2bbf25d027333a9d,source_record:582a11702e2e666dfc87,observation:4d4d1e51259f85b21f1d,treatment_run:e521039156fb73b71128,treatment_decision:f602fdf9ed7c4d21a015,treatment_output:aa886d476fcda30c743c,,,,reproducibility_metric:cd8e068865292c716ba8,evidence_table:116f7e13ab43d2b28ce2,figure_input:3838931ddea242d97d4a,audit_procedure:58277c4184398221c534,yes
closure:7a95d1fc66d7ee1164b2,B2,audit:3b254bcdad3cc6545432,e313de2e0e1a97bc17ff,path:b9661ac96456a9efd9ba,source_record:c5368ca23455a251f941,observation:f99fdeebfc608df3a8bb,treatment_run:e521039156fb73b71128,treatment_decision:6d3a527487656d9bbe68,treatment_output:35a8447dfb94ea08c80b,,,,reproducibility_metric:cd8e068865292c716ba8,evidence_table:116f7e13ab43d2b28ce2,figure_input:3838931ddea242d97d4a,audit_procedure:58277c4184398221c534,yes
closure:47e58028baeb6b7c2879,B2,audit:0c4772ef93f8cd5d7f28,edde0b27f2f31f5fb962,path:e852ffb2dcb8b95c866a,source_record:0ee5489cd01f22e5a51c,observation:1ecfe2896341b81743b9,treatment_run:e521039156fb73b71128,treatment_decision:082f5ca9b674ca745934,treatment_output:c576ab8d524dc574c195,,,,reproducibility_metric:cd8e068865292c716ba8,evidence_table:116f7e13ab43d2b28ce2,figure_input:3838931ddea242d97d4a,audit_procedure:58277c4184398221c534,yes
closure:70beea1ac802a1424ce5,B2,audit:778144aeb1fedcf61f30,f2b9db071dd4766d6307,path:2b01f40134ef46caecb9,source_record:a98acfe4bec18f9a0390,observation:0970843830c2ae7c8503,treatment_run:e521039156fb73b71128,treatment_decision:ce77a6cdda37e2bcd056,treatment_output:95f1e10e3b52b5461f34,,,,reproducibility_metric:cd8e068865292c716ba8,evidence_table:116f7e13ab43d2b28ce2,figure_input:3838931ddea242d97d4a,audit_procedure:58277c4184398221c534,yes
closure:dd11799da0dbfe5370c8,B2,audit:c1ad894b4326c43bec2e,f4b6cbcb460eaef0f82e,path:b4be154954c60c0be6c2,source_record:875236bbef4d7952b885,observation:cc516c3714c088b54218,treatment_run:e521039156fb73b71128,treatment_decision:71a95c8bc9f17f2ac4b9,treatment_output:95f1e10e3b52b5461f34,,,,reproducibility_metric:cd8e068865292c716ba8,evidence_table:116f7e13ab43d2b28ce2,figure_input:3838931ddea242d97d4a,audit_procedure:58277c4184398221c534,yes
closure:dbb986a91300e3d80290,B2,audit:6866488c30eb88893867,f831d08aa91c95864cd0,path:1e69049e8ab82ddb3293,source_record:bbde0e659e98bd2c6084,observation:1b7b7decaafba2e44741,treatment_run:e521039156fb73b71128,treatment_decision:c4f21a91862dd44daf60,treatment_output:eae14ef263bc0a3ed9ca,,,,reproducibility_metric:cd8e068865292c716ba8,evidence_table:116f7e13ab43d2b28ce2,figure_input:3838931ddea242d97d4a,audit_procedure:58277c4184398221c534,yes
closure:553037677dddbe20c19c,B3,audit:9cfceac0a73ffb66c7fa,05a8528c88245297d4ba,path:61a65539dd7fd15cc1b6,source_record:07204f7959a158920906,observation:5f781c26691e4c1d4e63,treatment_run:d0e1d0f606961d2bff02,treatment_decision:ae077243b6af9de67d84,treatment_output:8ec05033ecd57ef7635f,,arrival_batch:c80a5c25ce9d6e1464a4,edge:679c0e56da4836e3fb16,reproducibility_metric:9432caaf1b12fb7e5f7a,evidence_table:116f7e13ab43d2b28ce2,figure_input:3838931ddea242d97d4a,audit_procedure:58277c4184398221c534,yes
closure:0e7f13df2789d7bb052b,B3,audit:0d7ecfb05c82ff4d8fec,09bd4158de9b28a03d83,path:b98116cdfc3625b57334,source_record:621b059bcf550a1ead3a,observation:3f64e0aa5f69399e8a04,treatment_run:d0e1d0f606961d2bff02,treatment_decision:d6e69a3b1b7f192d2a94,treatment_output:54fd15dec1069db9d939,,arrival_batch:c320a1dbe186156ea7d7,edge:05c223083c9a1887a09e,reproducibility_metric:9432caaf1b12fb7e5f7a,evidence_table:116f7e13ab43d2b28ce2,figure_input:3838931ddea242d97d4a,audit_procedure:58277c4184398221c534,yes
closure:ebc68404dcf0518e12a5,B3,audit:6b84990599d75f7c26eb,1721995859418ecf608c,path:62b34012c87ba9a4340f,source_record:3edd79e5e5b56f709897,observation:c8d559d64c4d785c41a3,treatment_run:d0e1d0f606961d2bff02,treatment_decision:a751ca03fe7c8363d8dc,treatment_output:1bb9b999dee3b4a96e0f,,arrival_batch:2bebd7b59c929b5f9501,edge:517e8f99318fa452a3e6,reproducibility_metric:9432caaf1b12fb7e5f7a,evidence_table:116f7e13ab43d2b28ce2,figure_input:3838931ddea242d97d4a,audit_procedure:58277c4184398221c534,yes
closure:0341c55f928238f0d256,B3,audit:7d23e1ab5c53b05db369,211b04665de26cd11d77,path:bb4132599b10a4c786e9,source_record:4ed2457911a60c3d488b,observation:8723d68bb99c76a272c0,treatment_run:d0e1d0f606961d2bff02,treatment_decision:bda699089228aa747a24,treatment_output:1a7f85ba543b705b0937,,arrival_batch:c80a5c25ce9d6e1464a4,edge:44444ab5af33aa11e066,reproducibility_metric:9432caaf1b12fb7e5f7a,evidence_table:116f7e13ab43d2b28ce2,figure_input:3838931ddea242d97d4a,audit_procedure:58277c4184398221c534,yes
closure:cdd049643a904265c2e5,B3,audit:05047325a043d5ec7679,2766cbe2cf960f73ba05,path:24ed4b6b702e502e42e6,source_record:69c44ea8114c54419750,observation:3b44dd267dadc5b9eb40,treatment_run:d0e1d0f606961d2bff02,treatment_decision:5e40421431f4a472dc18,treatment_output:157445fd140fc9d0c0ab,,arrival_batch:c80a5c25ce9d6e1464a4,edge:052c3b07884e24625490,reproducibility_metric:9432caaf1b12fb7e5f7a,evidence_table:116f7e13ab43d2b28ce2,figure_input:3838931ddea242d97d4a,audit_procedure:58277c4184398221c534,yes
closure:5a2d7cec6698e1b5749e,B3,audit:17db2f0b94966c16d5ac,27f750d142897641b3b1,path:f9d72b85568f2a848e1c,source_record:294fa03a900a59c6bcc9,observation:ea029425bb6e7db0f2d4,treatment_run:d0e1d0f606961d2bff02,treatment_decision:1c9703fd4d9a9a3ce412,treatment_output:729db43971993fc91bd0,,arrival_batch:c80a5c25ce9d6e1464a4,edge:9895c07c9d2c3d7ee8af,reproducibility_metric:9432caaf1b12fb7e5f7a,evidence_table:116f7e13ab43d2b28ce2,figure_input:3838931ddea242d97d4a,audit_procedure:58277c4184398221c534,yes
closure:82e5dc02768f83a56e77,B3,audit:3a6c8094581e3670888d,356dadeceba952eb2a0c,path:0afc3e5030134801aaf0,source_record:c2b5603f1388485b6d3e,observation:be61f5d1cfa355a917f0,treatment_run:d0e1d0f606961d2bff02,treatment_decision:167fa92ba170f858f7a6,treatment_output:e7f8522f4c8440b91ac4,,arrival_batch:2bebd7b59c929b5f9501,edge:bef2f13f57ecec116cdf,reproducibility_metric:9432caaf1b12fb7e5f7a,evidence_table:116f7e13ab43d2b28ce2,figure_input:3838931ddea242d97d4a,audit_procedure:58277c4184398221c534,yes
closure:624bfb00047dd5d83089,B3,audit:85c00b8c0acde67c37d3,463dda3fe5140e2fbed2,path:b2e639819b1544aa2d08,source_record:e6e65cbbb0692b29878a,observation:4451fa83b206a52cd53e,treatment_run:d0e1d0f606961d2bff02,treatment_decision:b5c4d61f50d521fd7a71,treatment_output:5d328edcafe1eb3262c6,,arrival_batch:2bebd7b59c929b5f9501,edge:77cdde8e15ab9b500b79,reproducibility_metric:9432caaf1b12fb7e5f7a,evidence_table:116f7e13ab43d2b28ce2,figure_input:3838931ddea242d97d4a,audit_procedure:58277c4184398221c534,yes
closure:af57e98e11e73932ddc7,B3,audit:c35bdf34e746b6550e3f,49b82f2b710bfb946f9f,path:322b033ed589deaf1c3d,source_record:423572d2616d043c15d1,observation:864f2c2d1b88e471e06c,treatment_run:d0e1d0f606961d2bff02,treatment_decision:ce8d9771015862a28999,treatment_output:7eda971e259c235dd1db,,arrival_batch:c320a1dbe186156ea7d7,edge:a41b7fdd0c05ca60d7cd,reproducibility_metric:9432caaf1b12fb7e5f7a,evidence_table:116f7e13ab43d2b28ce2,figure_input:3838931ddea242d97d4a,audit_procedure:58277c4184398221c534,yes
closure:d4aaac66f833e1c6eaee,B3,audit:b1994b7e926e47cda07b,4af2e0e7825c9f2ac443,path:c432cf9d5f8eb992f618,source_record:d3ee5d39849b0096d5ce,observation:6e3265bf4a2eadf39698,treatment_run:d0e1d0f606961d2bff02,treatment_decision:47d9874a65624f5ba450,treatment_output:bccaca84f931b796c8c2,,arrival_batch:c320a1dbe186156ea7d7,edge:bd0084acf51be5134c6f,reproducibility_metric:9432caaf1b12fb7e5f7a,evidence_table:116f7e13ab43d2b28ce2,figure_input:3838931ddea242d97d4a,audit_procedure:58277c4184398221c534,yes
closure:8dbdc518fd750fe5091a,B3,audit:9db6aaf05dea929d30b8,506a60e86fb32d9c608b,path:cc183da10df50aea21cd,source_record:1822780c1a34fa87ecd7,observation:de0321deca75854654ba,treatment_run:d0e1d0f606961d2bff02,treatment_decision:26a478cb1067212b6923,treatment_output:328eaaf3665fd5731936,,arrival_batch:c320a1dbe186156ea7d7,edge:3c77ebf6a0b9ff6770be,reproducibility_metric:9432caaf1b12fb7e5f7a,evidence_table:116f7e13ab43d2b28ce2,figure_input:3838931ddea242d97d4a,audit_procedure:58277c4184398221c534,yes
closure:1483c2916baf2a2770f4,B3,audit:c24b54579cb6cf276114,5fab5a82719cacffcbe4,path:9cfd576ba6467c314ac3,source_record:a2585ae02f3eb15eab0e,observation:04df2a67b487f338de1b,treatment_run:d0e1d0f606961d2bff02,treatment_decision:a45e32ddc0cafc254008,treatment_output:03645567e52713732ac0,,arrival_batch:2bebd7b59c929b5f9501,edge:83ba49cd0407186ab308,reproducibility_metric:9432caaf1b12fb7e5f7a,evidence_table:116f7e13ab43d2b28ce2,figure_input:3838931ddea242d97d4a,audit_procedure:58277c4184398221c534,yes
closure:faa6644e9d8da388c9da,B3,audit:a29a2eb46e52acd1c313,69745dd19d776c69570e,path:2ac84c6536afc316c225,source_record:87c903ae7b46a49c415f,observation:e19175cc2d07bb652fd5,treatment_run:d0e1d0f606961d2bff02,treatment_decision:e8f6d28ef908d0e68932,treatment_output:1afacaecd7e28bc84eeb,,arrival_batch:2bebd7b59c929b5f9501,edge:920f1f6caeed1382cdf7,reproducibility_metric:9432caaf1b12fb7e5f7a,evidence_table:116f7e13ab43d2b28ce2,figure_input:3838931ddea242d97d4a,audit_procedure:58277c4184398221c534,yes
closure:fb9582af11128c5da6cb,B3,audit:bc6d1635fabf22b1fd2d,69a1ecde0bf18c3a84ae,path:d49a57b78cc6b9abfbda,source_record:192aacf02d8179c6f75a,observation:c0e44bfaff03fb3d0e85,treatment_run:d0e1d0f606961d2bff02,treatment_decision:dd22f631dfb51ce53fff,treatment_output:398988c29c0f6afe3716,,arrival_batch:2bebd7b59c929b5f9501,edge:e9d7724da7a6682d61a8,reproducibility_metric:9432caaf1b12fb7e5f7a,evidence_table:116f7e13ab43d2b28ce2,figure_input:3838931ddea242d97d4a,audit_procedure:58277c4184398221c534,yes
closure:910cf15cd5852c5ab9a2,B3,audit:c5330da8a376c93c5570,6ad6dfc4b05d0f292d1f,path:48ecac1095ede20645a5,source_record:7e35d4e934c4fa296c7d,observation:389c8092fc51c52bc4eb,treatment_run:d0e1d0f606961d2bff02,treatment_decision:121cf978e4e39a6d6897,treatment_output:85c1bb610f46ef19dc65,,arrival_batch:c80a5c25ce9d6e1464a4,edge:232466526bb3c7b664c3,reproducibility_metric:9432caaf1b12fb7e5f7a,evidence_table:116f7e13ab43d2b28ce2,figure_input:3838931ddea242d97d4a,audit_procedure:58277c4184398221c534,yes
closure:f247e21aea622dd868ef,B3,audit:88a2266edae5c14c6ba7,6fbf4aae1b9a6de0051a,path:1854639fe75807863181,source_record:010ca4a0b9492cf8f0be,observation:294d2d83bf86fa753446,treatment_run:d0e1d0f606961d2bff02,treatment_decision:14399580b994a524180e,treatment_output:941070b398d23e891c03,,arrival_batch:c80a5c25ce9d6e1464a4,edge:9ea2e1a7a4f1f51b6ecf,reproducibility_metric:9432caaf1b12fb7e5f7a,evidence_table:116f7e13ab43d2b28ce2,figure_input:3838931ddea242d97d4a,audit_procedure:58277c4184398221c534,yes
closure:4931cb0e3bc2f2643468,B3,audit:2b103378b228000ce0be,72e8553f361951a0c2c8,path:80b166643382e0ef0e65,source_record:c9024fe3b36dd1151ec1,observation:a7e8ddddcfeb654133b3,treatment_run:d0e1d0f606961d2bff02,treatment_decision:bac1c5fe3c79838238d8,treatment_output:748d6c98bdd0f0d46c68,,arrival_batch:c80a5c25ce9d6e1464a4,edge:9a50c9e51a64f8ca888e,reproducibility_metric:9432caaf1b12fb7e5f7a,evidence_table:116f7e13ab43d2b28ce2,figure_input:3838931ddea242d97d4a,audit_procedure:58277c4184398221c534,yes
closure:0b605273ac3c294baf96,B3,audit:3036071c4b6b7407c8dd,74fed6e1c3d917191be6,path:021aaa0e50db5b3937c5,source_record:061aced56e5316f767e3,observation:e36405cf00bd435e3d3d,treatment_run:d0e1d0f606961d2bff02,treatment_decision:b4c0c42d7719b173c4e8,treatment_output:7ca47ac1f0d088078775,,arrival_batch:2bebd7b59c929b5f9501,edge:c782d89d7e278919abe5,reproducibility_metric:9432caaf1b12fb7e5f7a,evidence_table:116f7e13ab43d2b28ce2,figure_input:3838931ddea242d97d4a,audit_procedure:58277c4184398221c534,yes
closure:8d3b711526c2e363581f,B3,audit:20cf88fcf00c5bb74b2b,87cdfc70ee6d45666fec,path:3a7cea85e37e471d8faa,source_record:9d014b544d90b04f050e,observation:fd786e62692104822637,treatment_run:d0e1d0f606961d2bff02,treatment_decision:597f5d6939f914745165,treatment_output:bd09fe9f73acc6e2df12,,arrival_batch:c320a1dbe186156ea7d7,edge:306aecb19205da874cb4,reproducibility_metric:9432caaf1b12fb7e5f7a,evidence_table:116f7e13ab43d2b28ce2,figure_input:3838931ddea242d97d4a,audit_procedure:58277c4184398221c534,yes
closure:12758915c23348bcf6a8,B3,audit:bddaa313ce375e6b91c8,9fcd6d7d4f2e24e56db1,path:0f4459bbf2991e7490f0,source_record:16473e53e748c08ec754,observation:667f983b01d3cdf7458e,treatment_run:d0e1d0f606961d2bff02,treatment_decision:ee35966c205fa8f41884,treatment_output:54afa8a17bff2bc95ca1,,arrival_batch:c80a5c25ce9d6e1464a4,edge:511a2ae39e813f042891,reproducibility_metric:9432caaf1b12fb7e5f7a,evidence_table:116f7e13ab43d2b28ce2,figure_input:3838931ddea242d97d4a,audit_procedure:58277c4184398221c534,yes
closure:aaa0aa024d16efe115d7,B3,audit:c06353b43e7c4a85efa4,9fe0a3bb2baed4ce3810,path:84377c0849e94350fa01,source_record:271cc1d0fc53de1a353a,observation:885040ab6fb9ac0096b2,treatment_run:d0e1d0f606961d2bff02,treatment_decision:879c61ceb62dc528185a,treatment_output:ec54b06c7143aa3965c5,,arrival_batch:c80a5c25ce9d6e1464a4,edge:6e4e6f4c69cbe28a6b7b,reproducibility_metric:9432caaf1b12fb7e5f7a,evidence_table:116f7e13ab43d2b28ce2,figure_input:3838931ddea242d97d4a,audit_procedure:58277c4184398221c534,yes
closure:c1b22530a9e10c94184f,B3,audit:74dd7a7e918fa4d5a190,a16c09b869c2ad72a4ea,path:b8bc76cfb7e9c8cf1e7d,source_record:26de36e57a1c215a6f55,observation:31d333568319d88d97b2,treatment_run:d0e1d0f606961d2bff02,treatment_decision:7516b7cdf378f79c47e3,treatment_output:c69e18cb219705b4fbf4,,arrival_batch:c80a5c25ce9d6e1464a4,edge:0c643f81c5ece7d7e470,reproducibility_metric:9432caaf1b12fb7e5f7a,evidence_table:116f7e13ab43d2b28ce2,figure_input:3838931ddea242d97d4a,audit_procedure:58277c4184398221c534,yes
closure:83c1033b04da54b7f153,B3,audit:e999db798f9882c3d087,a34fc65bf470c1e7ce20,path:5cfb507dee7be46c97f7,source_record:091fddff5547c21e53b2,observation:da340ced2539c49628bf,treatment_run:d0e1d0f606961d2bff02,treatment_decision:99a37e1d0c8e11f261e2,treatment_output:d50933094d0759bc962e,,arrival_batch:c80a5c25ce9d6e1464a4,edge:9b1a4c660aa63ad335db,reproducibility_metric:9432caaf1b12fb7e5f7a,evidence_table:116f7e13ab43d2b28ce2,figure_input:3838931ddea242d97d4a,audit_procedure:58277c4184398221c534,yes
closure:39c06ed05271e433f37a,B3,audit:06b6d979ba4662f82a0e,ad8a7f5c7869af674e3a,path:757c700c17d517b3f7c3,source_record:71811020d9a92abf868d,observation:e4c9a85a54e3ad78e66c,treatment_run:d0e1d0f606961d2bff02,treatment_decision:548a002f6bac5090faa4,treatment_output:f1b0b9f75c7dcf81b4f5,,arrival_batch:2bebd7b59c929b5f9501,edge:ef5f4955da25b7d7af46,reproducibility_metric:9432caaf1b12fb7e5f7a,evidence_table:116f7e13ab43d2b28ce2,figure_input:3838931ddea242d97d4a,audit_procedure:58277c4184398221c534,yes
closure:68a4ee442550cd74336f,B3,audit:05800c864357b6f80918,b55b4fefc9148be667c1,path:eceb7f883aff979fbc79,source_record:193147b5654f5049a70b,observation:c8636f1fbb21ce328ae5,treatment_run:d0e1d0f606961d2bff02,treatment_decision:ba97cd5ba51146da9a08,treatment_output:a0673c4b003891010cf1,,arrival_batch:c320a1dbe186156ea7d7,edge:ec0111a216e05009ba13,reproducibility_metric:9432caaf1b12fb7e5f7a,evidence_table:116f7e13ab43d2b28ce2,figure_input:3838931ddea242d97d4a,audit_procedure:58277c4184398221c534,yes
closure:c1f136fdf05301f2e170,B3,audit:e5362aaf52f450c1a35b,bc696217068415ca73e2,path:d90dfe4a0892ed071720,source_record:609ed81aeb94651f9f28,observation:faa7a4c88494a64e5e39,treatment_run:d0e1d0f606961d2bff02,treatment_decision:8fd5e235d23ddd802ac5,treatment_output:7e814668728a54e724b7,,arrival_batch:2bebd7b59c929b5f9501,edge:7d884de8050c1dbf245a,reproducibility_metric:9432caaf1b12fb7e5f7a,evidence_table:116f7e13ab43d2b28ce2,figure_input:3838931ddea242d97d4a,audit_procedure:58277c4184398221c534,yes
closure:936562234e22bc95fada,B3,audit:83b047b913ffafdc5cb6,cb0d5147421c66597d95,path:158d046767399e2f4f05,source_record:d51908b14d4f43919f94,observation:3a58dba97aae26b9300b,treatment_run:d0e1d0f606961d2bff02,treatment_decision:cccac6292f51f6189d1c,treatment_output:715e94edc343fafb1def,,arrival_batch:c320a1dbe186156ea7d7,edge:d10174bf1cef25a0d6c8,reproducibility_metric:9432caaf1b12fb7e5f7a,evidence_table:116f7e13ab43d2b28ce2,figure_input:3838931ddea242d97d4a,audit_procedure:58277c4184398221c534,yes
closure:b8099a442d7f7987c53a,B3,audit:411449fcdebe2dea260d,cfe502c53f19a90449e6,path:a966e805dba2730a4361,source_record:0230a2ca03c36177ec6e,observation:b9d9aa4f2beeae259666,treatment_run:d0e1d0f606961d2bff02,treatment_decision:e4ce275eabec22438aca,treatment_output:2cd1425842220dd6c34e,,arrival_batch:2bebd7b59c929b5f9501,edge:8276a6eab7d232010083,reproducibility_metric:9432caaf1b12fb7e5f7a,evidence_table:116f7e13ab43d2b28ce2,figure_input:3838931ddea242d97d4a,audit_procedure:58277c4184398221c534,yes
closure:a7b117232d83e316a1a8,B3,audit:e5b7779ee20b01e80e6b,d3d17696ddd6a7bcb743,path:97d575c0b8aedf27b9c8,source_record:470895f1243b5ec9b3fc,observation:202f97684ab8629aa916,treatment_run:d0e1d0f606961d2bff02,treatment_decision:68820cee47dcab591257,treatment_output:1e2d7c26b1a01b0e5e70,,arrival_batch:c320a1dbe186156ea7d7,edge:9a192f4dfa010d4a35a4,reproducibility_metric:9432caaf1b12fb7e5f7a,evidence_table:116f7e13ab43d2b28ce2,figure_input:3838931ddea242d97d4a,audit_procedure:58277c4184398221c534,yes
closure:40e4187b533c882ae190,B3,audit:abc4342b5dea9ffa2fcb,d99bc3566095bc6ee582,path:fa5e792520d4e060fd09,source_record:55f9eca0640826e24f9c,observation:5577ee9eb9f8775867ee,treatment_run:d0e1d0f606961d2bff02,treatment_decision:4a95ff1981966a7ab4b9,treatment_output:90c5c343b4dd9a28fda0,,arrival_batch:2bebd7b59c929b5f9501,edge:3069bc3cb0d35148b61f,reproducibility_metric:9432caaf1b12fb7e5f7a,evidence_table:116f7e13ab43d2b28ce2,figure_input:3838931ddea242d97d4a,audit_procedure:58277c4184398221c534,yes
closure:6adfb845750c70ada499,B3,audit:7bd77d705bc5759380e3,deabb3549fa520121850,path:88ea43a39fb332364087,source_record:1aa22f2b385a01569fc4,observation:3b1d7e44c2f83aa6fe02,treatment_run:d0e1d0f606961d2bff02,treatment_decision:f0b680943b587c817802,treatment_output:5c7bad7d9d25ae9b4f11,,arrival_batch:2bebd7b59c929b5f9501,edge:0698de1653c0999a6780,reproducibility_metric:9432caaf1b12fb7e5f7a,evidence_table:116f7e13ab43d2b28ce2,figure_input:3838931ddea242d97d4a,audit_procedure:58277c4184398221c534,yes
closure:007a713d39b23dc0a61d,B3,audit:efde38bb241893761c29,df8ae4a2843995c9185d,path:ab93a5e3fc9a10c663fc,source_record:f6a04a1c01641dfdfadc,observation:96242f6669896b9035de,treatment_run:d0e1d0f606961d2bff02,treatment_decision:25b9c971c0e696b819d7,treatment_output:8e0a7380e09ea371152a,,arrival_batch:c320a1dbe186156ea7d7,edge:7bb2a4df381e1fbba4e7,reproducibility_metric:9432caaf1b12fb7e5f7a,evidence_table:116f7e13ab43d2b28ce2,figure_input:3838931ddea242d97d4a,audit_procedure:58277c4184398221c534,yes
closure:6f36602c72b2e30a8282,B3,audit:43be1a70dd18fe8ce1b2,e06e475e6f5cb8748897,path:8dfd2bbf25d027333a9d,source_record:582a11702e2e666dfc87,observation:4d4d1e51259f85b21f1d,treatment_run:d0e1d0f606961d2bff02,treatment_decision:574cf0b6faf1d8ce6bef,treatment_output:2f6d034564f2f8adecbd,,arrival_batch:c320a1dbe186156ea7d7,edge:5025d67cbd84d3c46f85,reproducibility_metric:9432caaf1b12fb7e5f7a,evidence_table:116f7e13ab43d2b28ce2,figure_input:3838931ddea242d97d4a,audit_procedure:58277c4184398221c534,yes
closure:23f14c144500156c49c9,B3,audit:2c966fff0123e5de9abf,e313de2e0e1a97bc17ff,path:b9661ac96456a9efd9ba,source_record:c5368ca23455a251f941,observation:f99fdeebfc608df3a8bb,treatment_run:d0e1d0f606961d2bff02,treatment_decision:702506661c75e6231a35,treatment_output:6aa56396091d21382688,,arrival_batch:c80a5c25ce9d6e1464a4,edge:7f196f8dac94f600b053,reproducibility_metric:9432caaf1b12fb7e5f7a,evidence_table:116f7e13ab43d2b28ce2,figure_input:3838931ddea242d97d4a,audit_procedure:58277c4184398221c534,yes
closure:431decee88bfbcf9dba8,B3,audit:6e9eb30cb2f107527822,edde0b27f2f31f5fb962,path:e852ffb2dcb8b95c866a,source_record:0ee5489cd01f22e5a51c,observation:1ecfe2896341b81743b9,treatment_run:d0e1d0f606961d2bff02,treatment_decision:e87384fc5a8ab5ea26d5,treatment_output:ae340e746fad5e077934,,arrival_batch:2bebd7b59c929b5f9501,edge:b29bc32678978eeb548c,reproducibility_metric:9432caaf1b12fb7e5f7a,evidence_table:116f7e13ab43d2b28ce2,figure_input:3838931ddea242d97d4a,audit_procedure:58277c4184398221c534,yes
closure:b5e83084af34c561a0b1,B3,audit:0e20fcba4c0ed87c5838,f2b9db071dd4766d6307,path:2b01f40134ef46caecb9,source_record:a98acfe4bec18f9a0390,observation:0970843830c2ae7c8503,treatment_run:d0e1d0f606961d2bff02,treatment_decision:e8a7198b221bbd385f5e,treatment_output:73527dcc7de9e30dff1f,,arrival_batch:2bebd7b59c929b5f9501,edge:c0cb15eee8d69b90d240,reproducibility_metric:9432caaf1b12fb7e5f7a,evidence_table:116f7e13ab43d2b28ce2,figure_input:3838931ddea242d97d4a,audit_procedure:58277c4184398221c534,yes
closure:4807e393967e2eb6cccd,B3,audit:41e53421b8fcc87a58a0,f4b6cbcb460eaef0f82e,path:b4be154954c60c0be6c2,source_record:875236bbef4d7952b885,observation:cc516c3714c088b54218,treatment_run:d0e1d0f606961d2bff02,treatment_decision:b4f0715706e79d32334e,treatment_output:cffd5f9778480d9e6f7b,,arrival_batch:c80a5c25ce9d6e1464a4,edge:cb8be173a556e33e8deb,reproducibility_metric:9432caaf1b12fb7e5f7a,evidence_table:116f7e13ab43d2b28ce2,figure_input:3838931ddea242d97d4a,audit_procedure:58277c4184398221c534,yes
closure:0281a078319db62ffecb,B3,audit:8ace02f95e4dbd742432,f831d08aa91c95864cd0,path:1e69049e8ab82ddb3293,source_record:bbde0e659e98bd2c6084,observation:1b7b7decaafba2e44741,treatment_run:d0e1d0f606961d2bff02,treatment_decision:6ac60b3304d1564bb9e6,treatment_output:632dfaf3a53936518316,,arrival_batch:c80a5c25ce9d6e1464a4,edge:ef3e7a1051e84e18d6b6,reproducibility_metric:9432caaf1b12fb7e5f7a,evidence_table:116f7e13ab43d2b28ce2,figure_input:3838931ddea242d97d4a,audit_procedure:58277c4184398221c534,yes
